,isInner,id1,id2,group1,group2,raw bzJumpi2,raw bzJumpi4,raw bzJumpi8,raw bzFixedLen32_2,raw bzFixedLen64_2,raw bzFixedLen128_2,raw bzFixedLen256_2,raw bzFixedLen256_4,raw bzFixedLen64_8,raw bzFixedLen256_8,raw bzFixedLen1024_8,skel bzJumpi2,skel bzJumpi4,skel bzJumpi8,skel bzFixedLen32_2,skel bzFixedLen64_2,skel bzFixedLen128_2,skel bzFixedLen256_2,skel bzFixedLen256_4,skel bzFixedLen64_8,skel bzFixedLen256_8,skel bzFixedLen1024_8
0,False,CollateralManagerState - v0.5.16 abi2 o1 runs200,NonfungiblePositionManager - v0.5.16 abi2 o1 runs200,CollateralManagerState,NonfungiblePositionManager,0.1960227272727273,0.19318181818181823,0.1789772727272727,0.153446033810143,0.1532467532467533,0.15544041450777202,0.15463917525773196,0.15463917525773196,0.1454545454545455,0.14432989690721654,0.16000000000000003,0.19571865443425074,0.15596330275229353,0.11926605504587151,0.15123859191655797,0.15104166666666663,0.15104166666666663,0.15625,0.14583333333333337,0.13020833333333337,0.13541666666666663,0.125
1,False,CollateralManagerState - v0.5.16 abi2 o1 runs200,UniswapV2Router02 - v0.5.16 abi1 o1 runs200,CollateralManagerState,UniswapV2Router02,0.20234604105571852,0.19648093841642233,0.19061583577712615,0.22736030828516374,0.2269230769230769,0.23076923076923073,0.23076923076923073,0.23076923076923073,0.21153846153846156,0.23076923076923073,0.05882352941176472,0.1887905604719764,0.1887905604719764,0.15634218289085544,0.22437137330754353,0.22393822393822393,0.22307692307692306,0.23076923076923073,0.19999999999999996,0.17760617760617758,0.16923076923076918,0.17647058823529416
2,False,CollateralManagerState - v0.5.16 abi2 o1 runs200,BinaryOptionMarketManager - v0.5.16 abi2 o1 runs200,CollateralManagerState,BinaryOptionMarketManager,0.32093023255813957,0.28837209302325584,0.25116279069767444,0.2829736211031175,0.2822966507177034,0.2857142857142857,0.28301886792452835,0.24528301886792447,0.20574162679425834,0.2075471698113207,0.2142857142857143,0.31999999999999995,0.25,0.20499999999999996,0.28019323671497587,0.28019323671497587,0.27884615384615385,0.28846153846153844,0.25,0.24154589371980673,0.21153846153846156,0.23076923076923073
3,False,CollateralManagerState - v0.5.16 abi2 o1 runs200,Synthetix - v0.5.16 abi2 o1 runs200,CollateralManagerState,Synthetix,0.25274725274725274,0.2490842490842491,0.19780219780219777,0.21261261261261266,0.21223021582733814,0.2158273381294964,0.2142857142857143,0.18571428571428572,0.18705035971223016,0.17142857142857137,0.2222222222222222,0.25196850393700787,0.25196850393700787,0.2086614173228346,0.20976491862567814,0.20938628158844763,0.2086330935251799,0.2142857142857143,0.17142857142857137,0.18050541516245489,0.15714285714285714,0.16666666666666663
4,False,CollateralManagerState - v0.5.16 abi2 o1 runs200,DSToken - v0.5.16 abi1 o1 runs200,CollateralManagerState,DSToken,0.6382978723404256,0.36170212765957444,0.24468085106382975,0.711864406779661,0.6779661016949152,0.6666666666666667,0.6666666666666667,0.33333333333333337,0.288135593220339,0.2666666666666667,0.25,0.6382978723404256,0.2978723404255319,0.17021276595744683,0.6293103448275862,0.7068965517241379,0.6896551724137931,0.6666666666666667,0.33333333333333337,0.2586206896551724,0.2666666666666667,0.25
5,False,CollateralManagerState - v0.5.16 abi2 o1 runs200,MainchainGatewayProxy - v0.5.16 abi1 o1 runs200,CollateralManagerState,MainchainGatewayProxy,0.7101449275362319,0.3913043478260869,0.26086956521739135,0.47457627118644063,0.4576271186440678,0.4666666666666667,0.4666666666666667,0.4,0.27118644067796616,0.33333333333333337,0.25,0.671875,0.296875,0.1875,0.4224137931034483,0.43103448275862066,0.4137931034482759,0.4666666666666667,0.4,0.31034482758620685,0.19999999999999996,0.5
6,False,CollateralManagerState - v0.5.16 abi2 o1 runs200,AggregationRouterV3 - v0.5.16 abi2 o1 runs200,CollateralManagerState,AggregationRouterV3,0.4207317073170732,0.2682926829268293,0.19512195121951215,0.3619631901840491,0.3619631901840491,0.36585365853658536,0.36585365853658536,0.29268292682926833,0.26993865030674846,0.2195121951219512,0.18181818181818177,0.4025157232704403,0.23270440251572322,0.19496855345911945,0.3580246913580247,0.3580246913580247,0.3580246913580247,0.36585365853658536,0.2682926829268293,0.26543209876543206,0.24390243902439024,0.2727272727272727
7,False,CollateralManagerState - v0.5.16 abi2 o1 runs200,UniswapV2Router02 - v0.5.16 abi2 o1 runs200,CollateralManagerState,UniswapV2Router02,0.24125874125874125,0.22377622377622375,0.2027972027972028,0.23228346456692917,0.23228346456692917,0.2362204724409449,0.234375,0.234375,0.20078740157480313,0.203125,0.1875,0.22456140350877196,0.16842105263157892,0.14035087719298245,0.22924901185770752,0.22924901185770752,0.22834645669291342,0.234375,0.203125,0.19367588932806323,0.171875,0.1875
8,True,CollateralManagerState - v0.5.16 abi2 o1 runs200,CollateralManagerState - v0.5.16 abi1 o1 runs200,CollateralManagerState,CollateralManagerState,0.7738095238095238,0.6666666666666667,0.6547619047619048,0.6967213114754098,0.7049180327868853,0.8064516129032258,0.8125,0.625,0.34426229508196726,0.5625,0.0,0.7875,0.3375,0.32499999999999996,0.7083333333333333,0.7333333333333334,0.8,0.7333333333333334,0.4666666666666667,0.31666666666666665,0.19999999999999996,0.25
9,False,CollateralManagerState - v0.5.16 abi2 o1 runs200,MainchainGatewayProxy - v0.5.16 abi2 o1 runs200,CollateralManagerState,MainchainGatewayProxy,0.6811594202898551,0.3623188405797102,0.2753623188405797,0.5254237288135593,0.5084745762711864,0.5,0.5333333333333333,0.4,0.288135593220339,0.2666666666666667,0.0,0.625,0.359375,0.296875,0.48275862068965514,0.5,0.5172413793103448,0.5333333333333333,0.4,0.3448275862068966,0.2666666666666667,0.25
10,False,CollateralManagerState - v0.5.16 abi2 o1 runs200,BinaryOptionMarketManager - v0.5.16 abi1 o1 runs200,CollateralManagerState,BinaryOptionMarketManager,0.29565217391304344,0.28695652173913044,0.25217391304347825,0.3121693121693122,0.3121693121693122,0.3157894736842105,0.29166666666666663,0.29166666666666663,0.24867724867724872,0.25,0.16666666666666663,0.2807017543859649,0.2543859649122807,0.20175438596491224,0.3076923076923077,0.30687830687830686,0.3052631578947368,0.3125,0.25,0.2063492063492064,0.20833333333333337,0.16666666666666663
11,False,CollateralManagerState - v0.5.16 abi2 o1 runs200,CollateralManager - v0.5.16 abi1 o1 runs200,CollateralManagerState,CollateralManager,0.19220055710306405,0.18941504178272983,0.1754874651810585,0.2681818181818182,0.2681818181818182,0.2727272727272727,0.2727272727272727,0.23636363636363633,0.23636363636363633,0.21818181818181814,0.2142857142857143,0.18233618233618232,0.18233618233618232,0.15099715099715094,0.2648401826484018,0.2648401826484018,0.26363636363636367,0.2727272727272727,0.2545454545454545,0.1917808219178082,0.23636363636363633,0.2857142857142857
12,False,CollateralManagerState - v0.5.16 abi2 o1 runs200,DSToken - v0.5.16 abi2 o1 runs200,CollateralManagerState,DSToken,0.6896551724137931,0.3793103448275862,0.27586206896551724,0.7073170731707317,0.7096774193548387,0.6451612903225806,0.75,0.5625,0.32258064516129037,0.375,0.5,0.7176470588235294,0.3411764705882353,0.2588235294117647,0.6694214876033058,0.7868852459016393,0.8709677419354839,0.8125,0.5,0.29508196721311475,0.4375,0.0
13,False,CollateralManagerState - v0.5.16 abi2 o1 runs200,AddressResolver - v0.5.16 abi2 o1 runs200,CollateralManagerState,AddressResolver,0.6811594202898551,0.37681159420289856,0.24637681159420288,0.6440677966101696,0.6610169491525424,0.6666666666666667,0.8,0.6666666666666667,0.30508474576271183,0.4,0.25,0.625,0.25,0.21875,0.6896551724137931,0.6896551724137931,0.6896551724137931,0.6666666666666667,0.4666666666666667,0.43103448275862066,0.33333333333333337,0.25
14,False,CollateralManagerState - v0.5.16 abi2 o1 runs200,WyvernExchange - v0.5.16 abi1 o1 runs200,CollateralManagerState,WyvernExchange,0.10222222222222221,0.0755555555555556,0.07259259259259254,0.15304798962386512,0.15284974093264247,0.15544041450777202,0.15463917525773196,0.14432989690721654,0.12694300518134716,0.11340206185567014,0.040000000000000036,0.10078740157480315,0.10078740157480315,0.09606299212598424,0.1508452535760728,0.1506493506493507,0.15025906735751293,0.15463917525773196,0.134020618556701,0.11428571428571432,0.11340206185567014,0.07999999999999996
15,False,CollateralManagerState - v0.5.16 abi2 o1 runs200,CollateralManager - v0.5.16 abi2 o1 runs200,CollateralManagerState,CollateralManager,0.23232323232323238,0.2289562289562289,0.18855218855218858,0.27188940092165903,0.27188940092165903,0.27522935779816515,0.2727272727272727,0.2545454545454545,0.23502304147465436,0.19999999999999996,0.2857142857142857,0.22857142857142854,0.22857142857142854,0.1964285714285714,0.2685185185185185,0.2685185185185185,0.2685185185185185,0.2777777777777778,0.2222222222222222,0.20370370370370372,0.14814814814814814,0.1428571428571429
16,False,CollateralManagerState - v0.5.16 abi2 o1 runs200,AddressResolver - v0.5.16 abi1 o1 runs200,CollateralManagerState,AddressResolver,0.5797101449275363,0.3913043478260869,0.30434782608695654,0.6016949152542372,0.5593220338983051,0.6,0.6,0.6,0.3389830508474576,0.4666666666666667,0.0,0.578125,0.3125,0.21875,0.5258620689655172,0.5517241379310345,0.5862068965517242,0.6,0.4,0.27586206896551724,0.2666666666666667,0.5
17,False,NonfungiblePositionManager - v0.5.16 abi2 o1 runs200,UniswapV2Router02 - v0.5.16 abi1 o1 runs200,NonfungiblePositionManager,UniswapV2Router02,0.7471590909090908,0.5795454545454546,0.40625,0.6033810143042913,0.5792207792207793,0.5595854922279793,0.5360824742268041,0.44329896907216493,0.35584415584415585,0.3402061855670103,0.43999999999999995,0.752212389380531,0.5398230088495575,0.4070796460176991,0.5736636245110822,0.5416666666666667,0.53125,0.5625,0.47916666666666663,0.3671875,0.375,0.33333333333333337
18,False,NonfungiblePositionManager - v0.5.16 abi2 o1 runs200,BinaryOptionMarketManager - v0.5.16 abi2 o1 runs200,NonfungiblePositionManager,BinaryOptionMarketManager,0.6107954545454546,0.5369318181818181,0.4147727272727273,0.52925877763329,0.5324675324675325,0.5284974093264249,0.5360824742268041,0.5051546391752577,0.37142857142857144,0.45360824742268047,0.48,0.6024464831804281,0.5015290519877675,0.31498470948012236,0.530638852672751,0.53125,0.5364583333333333,0.5416666666666667,0.5104166666666667,0.3984375,0.375,0.375
19,False,NonfungiblePositionManager - v0.5.16 abi2 o1 runs200,Synthetix - v0.5.16 abi2 o1 runs200,NonfungiblePositionManager,Synthetix,0.6647727272727273,0.49715909090909094,0.31818181818181823,0.6293888166449935,0.6415584415584416,0.6528497409326425,0.6907216494845361,0.6082474226804124,0.36883116883116884,0.4020618556701031,0.4,0.6513761467889908,0.45565749235474007,0.27217125382262997,0.6558018252933507,0.671875,0.6770833333333333,0.6875,0.59375,0.43229166666666663,0.41666666666666663,0.41666666666666663
20,False,NonfungiblePositionManager - v0.5.16 abi2 o1 runs200,DSToken - v0.5.16 abi1 o1 runs200,NonfungiblePositionManager,DSToken,0.2670454545454546,0.2670454545454546,0.20170454545454541,0.14824447334200264,0.1480519480519481,0.15025906735751293,0.15463917525773196,0.14432989690721654,0.1376623376623377,0.11340206185567014,0.16000000000000003,0.2874617737003058,0.2844036697247706,0.2232415902140673,0.14602346805736632,0.14583333333333337,0.14583333333333337,0.14583333333333337,0.13541666666666663,0.140625,0.10416666666666663,0.16666666666666663
21,False,NonfungiblePositionManager - v0.5.16 abi2 o1 runs200,MainchainGatewayProxy - v0.5.16 abi1 o1 runs200,NonfungiblePositionManager,MainchainGatewayProxy,0.15056818181818177,0.15056818181818177,0.125,0.07282184655396617,0.07272727272727275,0.07253886010362698,0.07216494845360821,0.07216494845360821,0.07012987012987015,0.07216494845360821,0.07999999999999996,0.15596330275229353,0.15596330275229353,0.13761467889908252,0.07040417209908734,0.0703125,0.07291666666666663,0.07291666666666663,0.07291666666666663,0.0703125,0.07291666666666663,0.08333333333333337
22,False,NonfungiblePositionManager - v0.5.16 abi2 o1 runs200,AggregationRouterV3 - v0.5.16 abi2 o1 runs200,NonfungiblePositionManager,AggregationRouterV3,0.46306818181818177,0.40625,0.34943181818181823,0.42392717815344605,0.4181818181818182,0.4196891191709845,0.41237113402061853,0.4020618556701031,0.3168831168831169,0.3402061855670103,0.4,0.47706422018348627,0.41896024464831805,0.3486238532110092,0.4172099087353325,0.41927083333333337,0.421875,0.40625,0.36458333333333337,0.33854166666666663,0.28125,0.41666666666666663
23,False,NonfungiblePositionManager - v0.5.16 abi2 o1 runs200,UniswapV2Router02 - v0.5.16 abi2 o1 runs200,NonfungiblePositionManager,UniswapV2Router02,0.7073863636363636,0.5767045454545454,0.4602272727272727,0.5929778933680103,0.6025974025974026,0.6113989637305699,0.6391752577319587,0.5773195876288659,0.37922077922077924,0.4329896907216495,0.36,0.746177370030581,0.5902140672782874,0.4648318042813455,0.6297262059973925,0.6380208333333333,0.640625,0.6666666666666667,0.5729166666666667,0.41666666666666663,0.41666666666666663,0.5
24,False,NonfungiblePositionManager - v0.5.16 abi2 o1 runs200,CollateralManagerState - v0.5.16 abi1 o1 runs200,NonfungiblePositionManager,CollateralManagerState,0.23863636363636365,0.23863636363636365,0.21875,0.15864759427828345,0.1584415584415585,0.1606217616580311,0.1649484536082474,0.1649484536082474,0.1532467532467533,0.15463917525773196,0.16000000000000003,0.2446483180428135,0.24159021406727832,0.1865443425076453,0.15645371577574962,0.15625,0.15625,0.15625,0.14583333333333337,0.15104166666666663,0.13541666666666663,0.16666666666666663
25,False,NonfungiblePositionManager - v0.5.16 abi2 o1 runs200,MainchainGatewayProxy - v0.5.16 abi2 o1 runs200,NonfungiblePositionManager,MainchainGatewayProxy,0.14488636363636365,0.14488636363636365,0.11647727272727271,0.0832249674902471,0.08311688311688314,0.08290155440414504,0.08247422680412375,0.08247422680412375,0.08311688311688314,0.061855670103092786,0.040000000000000036,0.14984709480122327,0.14984709480122327,0.13455657492354745,0.08083441981747064,0.08072916666666663,0.08333333333333337,0.08333333333333337,0.08333333333333337,0.08072916666666663,0.07291666666666663,0.08333333333333337
26,False,NonfungiblePositionManager - v0.5.16 abi2 o1 runs200,BinaryOptionMarketManager - v0.5.16 abi1 o1 runs200,NonfungiblePositionManager,BinaryOptionMarketManager,0.6306818181818181,0.5198863636363636,0.3892045454545454,0.47984395318595574,0.4623376623376624,0.4559585492227979,0.48453608247422686,0.3917525773195877,0.3116883116883117,0.2989690721649485,0.28,0.654434250764526,0.5198776758409787,0.2874617737003058,0.4797913950456323,0.4453125,0.44270833333333337,0.44791666666666663,0.39583333333333337,0.32291666666666663,0.3125,0.375
27,False,NonfungiblePositionManager - v0.5.16 abi2 o1 runs200,CollateralManager - v0.5.16 abi1 o1 runs200,NonfungiblePositionManager,CollateralManager,0.7437325905292479,0.5654596100278552,0.3844011142061281,0.5370611183355006,0.5064935064935066,0.4766839378238342,0.48453608247422686,0.4020618556701031,0.3246753246753247,0.2989690721649485,0.31999999999999995,0.7635327635327636,0.5498575498575499,0.28490028490028485,0.5358539765319426,0.5130208333333333,0.49479166666666663,0.45833333333333337,0.36458333333333337,0.33333333333333337,0.28125,0.33333333333333337
28,False,NonfungiblePositionManager - v0.5.16 abi2 o1 runs200,DSToken - v0.5.16 abi2 o1 runs200,NonfungiblePositionManager,DSToken,0.24715909090909094,0.24431818181818177,0.17613636363636365,0.15994798439531854,0.1610389610389611,0.1606217616580311,0.1649484536082474,0.1649484536082474,0.1558441558441559,0.14432989690721654,0.16000000000000003,0.25993883792048933,0.25688073394495414,0.2048929663608563,0.15775749674054762,0.15885416666666663,0.16145833333333337,0.16666666666666663,0.16666666666666663,0.15625,0.14583333333333337,0.16666666666666663
29,False,NonfungiblePositionManager - v0.5.16 abi2 o1 runs200,AddressResolver - v0.5.16 abi2 o1 runs200,NonfungiblePositionManager,AddressResolver,0.15056818181818177,0.15056818181818177,0.12215909090909094,0.11703511053315996,0.11688311688311692,0.11917098445595853,0.12371134020618557,0.12371134020618557,0.11428571428571432,0.12371134020618557,0.07999999999999996,0.15596330275229353,0.15596330275229353,0.14678899082568808,0.11473272490221642,0.11458333333333337,0.11458333333333337,0.11458333333333337,0.11458333333333337,0.11197916666666663,0.09375,0.125
30,False,NonfungiblePositionManager - v0.5.16 abi2 o1 runs200,WyvernExchange - v0.5.16 abi1 o1 runs200,NonfungiblePositionManager,WyvernExchange,0.5185185185185186,0.37037037037037035,0.2844444444444445,0.6731517509727627,0.6243523316062176,0.6010362694300518,0.4742268041237113,0.3402061855670103,0.29274611398963735,0.22680412371134018,0.16000000000000003,0.5149606299212599,0.42677165354330704,0.2535433070866142,0.6788036410923277,0.6337662337662338,0.5906735751295337,0.5670103092783505,0.38144329896907214,0.2961038961038961,0.27835051546391754,0.12
31,False,NonfungiblePositionManager - v0.5.16 abi2 o1 runs200,CollateralManager - v0.5.16 abi2 o1 runs200,NonfungiblePositionManager,CollateralManager,0.7215909090909092,0.5710227272727273,0.35511363636363635,0.5383615084525357,0.5376623376623377,0.5492227979274611,0.5463917525773196,0.48453608247422686,0.34285714285714286,0.3917525773195877,0.4,0.72782874617737,0.5168195718654434,0.3211009174311926,0.5319426336375489,0.5520833333333333,0.5416666666666667,0.5416666666666667,0.47916666666666663,0.3828125,0.36458333333333337,0.45833333333333337
32,False,NonfungiblePositionManager - v0.5.16 abi2 o1 runs200,AddressResolver - v0.5.16 abi1 o1 runs200,NonfungiblePositionManager,AddressResolver,0.17045454545454541,0.17045454545454541,0.15625,0.10143042912873868,0.10129870129870133,0.10362694300518138,0.1030927835051546,0.1030927835051546,0.10129870129870133,0.09278350515463918,0.12,0.1834862385321101,0.1834862385321101,0.14678899082568808,0.10039113428943935,0.1015625,0.10416666666666663,0.10416666666666663,0.10416666666666663,0.1015625,0.10416666666666663,0.125
33,False,UniswapV2Router02 - v0.5.16 abi1 o1 runs200,BinaryOptionMarketManager - v0.5.16 abi2 o1 runs200,UniswapV2Router02,BinaryOptionMarketManager,0.6275659824046921,0.49266862170087977,0.3870967741935484,0.6801541425818882,0.6576923076923077,0.6076923076923078,0.6615384615384615,0.49230769230769234,0.35769230769230764,0.3846153846153846,0.2941176470588235,0.5899705014749262,0.4631268436578171,0.327433628318584,0.6576402321083172,0.6525096525096525,0.6615384615384615,0.7230769230769231,0.6,0.37451737451737455,0.3846153846153846,0.4117647058823529
34,False,UniswapV2Router02 - v0.5.16 abi1 o1 runs200,Synthetix - v0.5.16 abi2 o1 runs200,UniswapV2Router02,Synthetix,0.6920821114369502,0.49853372434017595,0.3108504398826979,0.6864864864864865,0.6690647482014389,0.6474820143884892,0.7142857142857143,0.5571428571428572,0.32733812949640284,0.3571428571428571,0.33333333333333337,0.6548672566371682,0.4513274336283186,0.31563421828908556,0.6274864376130198,0.6462093862815885,0.6546762589928057,0.7428571428571429,0.5714285714285714,0.3465703971119134,0.3857142857142857,0.33333333333333337
35,False,UniswapV2Router02 - v0.5.16 abi1 o1 runs200,DSToken - v0.5.16 abi1 o1 runs200,UniswapV2Router02,DSToken,0.2756598240469208,0.26099706744868034,0.2111436950146628,0.21965317919075145,0.21923076923076923,0.22307692307692306,0.23076923076923073,0.23076923076923073,0.19999999999999996,0.23076923076923073,0.17647058823529416,0.27728613569321536,0.26843657817109146,0.18584070796460173,0.2166344294003868,0.21621621621621623,0.2153846153846154,0.2153846153846154,0.2153846153846154,0.20463320463320467,0.15384615384615385,0.17647058823529416
36,False,UniswapV2Router02 - v0.5.16 abi1 o1 runs200,MainchainGatewayProxy - v0.5.16 abi1 o1 runs200,UniswapV2Router02,MainchainGatewayProxy,0.15542521994134895,0.15542521994134895,0.13196480938416422,0.10789980732177262,0.10769230769230764,0.10769230769230764,0.10769230769230764,0.10769230769230764,0.10769230769230764,0.09230769230769231,0.05882352941176472,0.1504424778761062,0.1504424778761062,0.12684365781710916,0.10444874274661509,0.10424710424710426,0.10769230769230764,0.10769230769230764,0.10769230769230764,0.10038610038610041,0.10769230769230764,0.05882352941176472
37,False,UniswapV2Router02 - v0.5.16 abi1 o1 runs200,AggregationRouterV3 - v0.5.16 abi2 o1 runs200,UniswapV2Router02,AggregationRouterV3,0.4809384164222874,0.43988269794721413,0.3489736070381232,0.6088631984585742,0.5846153846153845,0.5307692307692308,0.5538461538461539,0.4307692307692308,0.3538461538461538,0.3076923076923077,0.47058823529411764,0.4690265486725663,0.4424778761061947,0.3421828908554573,0.597678916827853,0.6023166023166023,0.5769230769230769,0.5846153846153845,0.3538461538461538,0.35521235521235517,0.29230769230769227,0.23529411764705888
38,True,UniswapV2Router02 - v0.5.16 abi1 o1 runs200,UniswapV2Router02 - v0.5.16 abi2 o1 runs200,UniswapV2Router02,UniswapV2Router02,0.750733137829912,0.6304985337243402,0.49853372434017595,0.7167630057803468,0.676923076923077,0.6,0.6615384615384615,0.5076923076923077,0.35769230769230764,0.3384615384615385,0.3529411764705882,0.752212389380531,0.5958702064896755,0.47492625368731567,0.6711798839458414,0.6640926640926641,0.6384615384615384,0.7230769230769231,0.523076923076923,0.38996138996138996,0.36923076923076925,0.3529411764705882
39,False,UniswapV2Router02 - v0.5.16 abi1 o1 runs200,CollateralManagerState - v0.5.16 abi1 o1 runs200,UniswapV2Router02,CollateralManagerState,0.24633431085043989,0.2434017595307918,0.22580645161290325,0.23506743737957614,0.23461538461538467,0.2384615384615385,0.24615384615384617,0.24615384615384617,0.2038461538461539,0.23076923076923073,0.17647058823529416,0.2359882005899705,0.23303834808259583,0.1799410029498525,0.23210831721470015,0.23166023166023164,0.23076923076923073,0.23076923076923073,0.23076923076923073,0.22007722007722008,0.18461538461538463,0.23529411764705888
40,False,UniswapV2Router02 - v0.5.16 abi1 o1 runs200,MainchainGatewayProxy - v0.5.16 abi2 o1 runs200,UniswapV2Router02,MainchainGatewayProxy,0.14956011730205276,0.14956011730205276,0.11436950146627567,0.12331406551059731,0.12307692307692308,0.12307692307692308,0.12307692307692308,0.10769230769230764,0.12307692307692308,0.10769230769230764,0.05882352941176472,0.14454277286135697,0.14454277286135697,0.12094395280235992,0.11992263056092844,0.11969111969111967,0.12307692307692308,0.12307692307692308,0.12307692307692308,0.11583011583011582,0.10769230769230764,0.11764705882352944
41,False,UniswapV2Router02 - v0.5.16 abi1 o1 runs200,BinaryOptionMarketManager - v0.5.16 abi1 o1 runs200,UniswapV2Router02,BinaryOptionMarketManager,0.6656891495601174,0.5278592375366569,0.43988269794721413,0.6589595375722543,0.6346153846153846,0.6538461538461539,0.6615384615384615,0.5538461538461539,0.35769230769230764,0.41538461538461535,0.2941176470588235,0.6578171091445428,0.5073746312684366,0.359882005899705,0.6576402321083172,0.6718146718146718,0.676923076923077,0.6307692307692307,0.5384615384615384,0.41698841698841704,0.3846153846153846,0.47058823529411764
42,False,UniswapV2Router02 - v0.5.16 abi1 o1 runs200,CollateralManager - v0.5.16 abi1 o1 runs200,UniswapV2Router02,CollateralManager,0.7353760445682451,0.5710306406685237,0.42618384401114207,0.6840077071290944,0.6576923076923077,0.6923076923076923,0.7230769230769231,0.5538461538461539,0.3653846153846154,0.36923076923076925,0.4117647058823529,0.7378917378917379,0.5327635327635327,0.32193732193732194,0.6866537717601547,0.6872586872586872,0.6923076923076923,0.676923076923077,0.523076923076923,0.4208494208494209,0.41538461538461535,0.3529411764705882
43,False,UniswapV2Router02 - v0.5.16 abi1 o1 runs200,DSToken - v0.5.16 abi2 o1 runs200,UniswapV2Router02,DSToken,0.25513196480938416,0.2375366568914956,0.18181818181818177,0.23699421965317924,0.2384615384615385,0.2384615384615385,0.24615384615384617,0.24615384615384617,0.22307692307692306,0.23076923076923073,0.11764705882352944,0.25073746312684364,0.24778761061946908,0.1887905604719764,0.23404255319148937,0.2355212355212355,0.2384615384615385,0.24615384615384617,0.24615384615384617,0.21235521235521237,0.23076923076923073,0.17647058823529416
44,False,UniswapV2Router02 - v0.5.16 abi1 o1 runs200,AddressResolver - v0.5.16 abi2 o1 runs200,UniswapV2Router02,AddressResolver,0.15542521994134895,0.15542521994134895,0.13196480938416422,0.17341040462427748,0.17307692307692313,0.17692307692307696,0.18461538461538463,0.18461538461538463,0.1576923076923077,0.18461538461538463,0.05882352941176472,0.1504424778761062,0.1504424778761062,0.13569321533923306,0.17021276595744683,0.16988416988416988,0.16923076923076918,0.16923076923076918,0.15384615384615385,0.15830115830115832,0.1384615384615384,0.11764705882352944
45,False,UniswapV2Router02 - v0.5.16 abi1 o1 runs200,WyvernExchange - v0.5.16 abi1 o1 runs200,UniswapV2Router02,WyvernExchange,0.4992592592592593,0.3481481481481481,0.2725925925925926,0.6199740596627756,0.6062176165803108,0.5233160621761659,0.5567010309278351,0.38144329896907214,0.35492227979274615,0.28865979381443296,0.36,0.5338582677165354,0.4551181102362205,0.305511811023622,0.6033810143042913,0.5558441558441558,0.5181347150259068,0.4948453608247423,0.4226804123711341,0.37922077922077924,0.27835051546391754,0.28
46,False,UniswapV2Router02 - v0.5.16 abi1 o1 runs200,CollateralManager - v0.5.16 abi2 o1 runs200,UniswapV2Router02,CollateralManager,0.7565982404692082,0.5806451612903225,0.343108504398827,0.6878612716763006,0.6846153846153846,0.6307692307692307,0.6615384615384615,0.523076923076923,0.3615384615384616,0.3846153846153846,0.4117647058823529,0.7256637168141593,0.5103244837758112,0.3215339233038348,0.6421663442940039,0.6602316602316602,0.6692307692307693,0.7230769230769231,0.5846153846153845,0.4015444015444015,0.3846153846153846,0.23529411764705888
47,False,UniswapV2Router02 - v0.5.16 abi1 o1 runs200,AddressResolver - v0.5.16 abi1 o1 runs200,UniswapV2Router02,AddressResolver,0.17595307917888559,0.17595307917888559,0.16129032258064513,0.1502890173410405,0.15000000000000002,0.15384615384615385,0.15384615384615385,0.15384615384615385,0.15000000000000002,0.15384615384615385,0.05882352941176472,0.17699115044247793,0.17699115044247793,0.14749262536873153,0.14893617021276595,0.1505791505791506,0.15384615384615385,0.15384615384615385,0.15384615384615385,0.1505791505791506,0.15384615384615385,0.11764705882352944
48,False,BinaryOptionMarketManager - v0.5.16 abi2 o1 runs200,Synthetix - v0.5.16 abi2 o1 runs200,BinaryOptionMarketManager,Synthetix,0.7326007326007327,0.575091575091575,0.36996336996337,0.6612612612612613,0.6906474820143884,0.6906474820143884,0.7,0.6,0.38848920863309355,0.44285714285714284,0.38888888888888884,0.7204724409448819,0.5708661417322834,0.5,0.6835443037974683,0.7075812274368232,0.7122302158273381,0.7285714285714286,0.6285714285714286,0.48375451263537905,0.5142857142857142,0.5
49,False,BinaryOptionMarketManager - v0.5.16 abi2 o1 runs200,DSToken - v0.5.16 abi1 o1 runs200,BinaryOptionMarketManager,DSToken,0.4372093023255814,0.40930232558139534,0.3162790697674419,0.27338129496402874,0.2727272727272727,0.2571428571428571,0.28301886792452835,0.2075471698113207,0.19617224880382778,0.16981132075471694,0.2142857142857143,0.47,0.43000000000000005,0.32999999999999996,0.27053140096618356,0.27053140096618356,0.2596153846153846,0.2692307692307693,0.1923076923076923,0.25120772946859904,0.1923076923076923,0.23076923076923073
50,False,BinaryOptionMarketManager - v0.5.16 abi2 o1 runs200,MainchainGatewayProxy - v0.5.16 abi1 o1 runs200,BinaryOptionMarketManager,MainchainGatewayProxy,0.24651162790697678,0.24651162790697678,0.22790697674418603,0.13429256594724226,0.13397129186602874,0.1333333333333333,0.13207547169811318,0.13207547169811318,0.11004784688995217,0.09433962264150941,0.1428571428571429,0.255,0.255,0.21499999999999997,0.13043478260869568,0.13043478260869568,0.13461538461538458,0.13461538461538458,0.13461538461538458,0.12560386473429952,0.13461538461538458,0.15384615384615385
51,False,BinaryOptionMarketManager - v0.5.16 abi2 o1 runs200,AggregationRouterV3 - v0.5.16 abi2 o1 runs200,BinaryOptionMarketManager,AggregationRouterV3,0.6511627906976745,0.5395348837209302,0.38604651162790693,0.6906474820143884,0.6698564593301435,0.6857142857142857,0.679245283018868,0.5849056603773585,0.4019138755980861,0.39622641509433965,0.5,0.675,0.51,0.31499999999999995,0.6545893719806763,0.7101449275362319,0.7115384615384616,0.6923076923076923,0.42307692307692313,0.3913043478260869,0.32692307692307687,0.3076923076923077
52,False,BinaryOptionMarketManager - v0.5.16 abi2 o1 runs200,UniswapV2Router02 - v0.5.16 abi2 o1 runs200,BinaryOptionMarketManager,UniswapV2Router02,0.6748251748251748,0.5384615384615384,0.4195804195804196,0.6948818897637795,0.7165354330708662,0.7086614173228347,0.734375,0.65625,0.40944881889763785,0.484375,0.5,0.6526315789473685,0.4736842105263158,0.32280701754385965,0.7015810276679841,0.7272727272727273,0.7874015748031495,0.765625,0.65625,0.4110671936758893,0.453125,0.375
53,False,BinaryOptionMarketManager - v0.5.16 abi2 o1 runs200,CollateralManagerState - v0.5.16 abi1 o1 runs200,BinaryOptionMarketManager,CollateralManagerState,0.3906976744186047,0.34883720930232553,0.3023255813953488,0.2925659472422062,0.29186602870813394,0.2857142857142857,0.28301886792452835,0.28301886792452835,0.19138755980861244,0.2264150943396226,0.2142857142857143,0.4,0.4,0.36,0.28985507246376807,0.28985507246376807,0.28846153846153844,0.28846153846153844,0.2692307692307693,0.2753623188405797,0.23076923076923073,0.23076923076923073
54,False,BinaryOptionMarketManager - v0.5.16 abi2 o1 runs200,MainchainGatewayProxy - v0.5.16 abi2 o1 runs200,BinaryOptionMarketManager,MainchainGatewayProxy,0.23720930232558135,0.23720930232558135,0.22325581395348837,0.1534772182254197,0.15311004784688997,0.1523809523809524,0.15094339622641506,0.13207547169811318,0.13397129186602874,0.13207547169811318,0.0714285714285714,0.245,0.245,0.20999999999999996,0.1497584541062802,0.1497584541062802,0.15384615384615385,0.15384615384615385,0.15384615384615385,0.1497584541062802,0.13461538461538458,0.07692307692307687
55,True,BinaryOptionMarketManager - v0.5.16 abi2 o1 runs200,BinaryOptionMarketManager - v0.5.16 abi1 o1 runs200,BinaryOptionMarketManager,BinaryOptionMarketManager,0.8347826086956522,0.6173913043478261,0.4652173913043478,0.6882494004796162,0.6459330143540669,0.6571428571428571,0.6603773584905661,0.5094339622641509,0.36363636363636365,0.39622641509433965,0.4285714285714286,0.7982456140350878,0.618421052631579,0.5219298245614035,0.6690821256038647,0.6376811594202898,0.6346153846153846,0.5576923076923077,0.4423076923076923,0.3623188405797102,0.23076923076923073,0.46153846153846156
56,False,BinaryOptionMarketManager - v0.5.16 abi2 o1 runs200,CollateralManager - v0.5.16 abi1 o1 runs200,BinaryOptionMarketManager,CollateralManager,0.5988857938718664,0.5264623955431755,0.3955431754874652,0.6727272727272727,0.6090909090909091,0.6090909090909091,0.6363636363636364,0.4545454545454546,0.2727272727272727,0.3090909090909091,0.3571428571428571,0.5698005698005698,0.5042735042735043,0.4045584045584045,0.6529680365296804,0.6118721461187215,0.6545454545454545,0.5636363636363637,0.4727272727272728,0.3287671232876712,0.2909090909090909,0.1428571428571429
57,False,BinaryOptionMarketManager - v0.5.16 abi2 o1 runs200,DSToken - v0.5.16 abi2 o1 runs200,BinaryOptionMarketManager,DSToken,0.4046511627906977,0.39534883720930236,0.33488372093023255,0.29496402877697847,0.2966507177033493,0.2952380952380952,0.30188679245283023,0.28301886792452835,0.23923444976076558,0.24528301886792447,0.0714285714285714,0.42500000000000004,0.405,0.355,0.29227053140096615,0.2946859903381642,0.29807692307692313,0.3076923076923077,0.2692307692307693,0.24637681159420288,0.23076923076923073,0.3076923076923077
58,False,BinaryOptionMarketManager - v0.5.16 abi2 o1 runs200,AddressResolver - v0.5.16 abi2 o1 runs200,BinaryOptionMarketManager,AddressResolver,0.24651162790697678,0.24651162790697678,0.2186046511627907,0.2158273381294964,0.215311004784689,0.21904761904761905,0.2264150943396226,0.2264150943396226,0.1866028708133971,0.2075471698113207,0.2142857142857143,0.255,0.255,0.24,0.2125603864734299,0.2125603864734299,0.21153846153846156,0.21153846153846156,0.21153846153846156,0.2028985507246377,0.17307692307692313,0.23076923076923073
59,False,BinaryOptionMarketManager - v0.5.16 abi2 o1 runs200,WyvernExchange - v0.5.16 abi1 o1 runs200,BinaryOptionMarketManager,WyvernExchange,0.31851851851851853,0.1955555555555556,0.1585185185185185,0.5330739299610895,0.5259067357512953,0.5025906735751295,0.4639175257731959,0.3917525773195877,0.3160621761658031,0.28865979381443296,0.19999999999999996,0.31496062992125984,0.2881889763779527,0.2488188976377953,0.5136540962288687,0.4727272727272728,0.4870466321243523,0.48453608247422686,0.44329896907216493,0.3220779220779221,0.2680412371134021,0.24
60,False,BinaryOptionMarketManager - v0.5.16 abi2 o1 runs200,CollateralManager - v0.5.16 abi2 o1 runs200,BinaryOptionMarketManager,CollateralManager,0.7138047138047139,0.5993265993265993,0.430976430976431,0.7096774193548387,0.6866359447004609,0.7155963302752293,0.7636363636363637,0.5818181818181818,0.34562211981566815,0.4,0.3571428571428571,0.6892857142857143,0.6035714285714286,0.5392857142857144,0.7407407407407407,0.7268518518518519,0.7592592592592593,0.7407407407407407,0.5740740740740741,0.4027777777777778,0.35185185185185186,0.5
61,False,BinaryOptionMarketManager - v0.5.16 abi2 o1 runs200,AddressResolver - v0.5.16 abi1 o1 runs200,BinaryOptionMarketManager,AddressResolver,0.2790697674418605,0.27441860465116275,0.2325581395348837,0.18705035971223016,0.1866028708133971,0.19047619047619047,0.18867924528301883,0.16981132075471694,0.17703349282296654,0.13207547169811318,0.1428571428571429,0.30000000000000004,0.29000000000000004,0.21999999999999997,0.18599033816425126,0.18840579710144922,0.1923076923076923,0.1923076923076923,0.17307692307692313,0.17391304347826086,0.13461538461538458,0.15384615384615385
62,False,Synthetix - v0.5.16 abi2 o1 runs200,DSToken - v0.5.16 abi1 o1 runs200,Synthetix,DSToken,0.3443223443223443,0.3223443223443223,0.2344322344322345,0.20540540540540542,0.20503597122302153,0.2086330935251799,0.19999999999999996,0.15714285714285714,0.1762589928057554,0.12857142857142856,0.2222222222222222,0.3700787401574803,0.30708661417322836,0.24015748031496065,0.20253164556962022,0.20216606498194944,0.20143884892086328,0.19999999999999996,0.12857142857142856,0.18772563176895307,0.11428571428571432,0.2222222222222222
63,False,Synthetix - v0.5.16 abi2 o1 runs200,MainchainGatewayProxy - v0.5.16 abi1 o1 runs200,Synthetix,MainchainGatewayProxy,0.19413919413919412,0.19413919413919412,0.17582417582417587,0.10090090090090087,0.1007194244604317,0.1007194244604317,0.09999999999999998,0.09999999999999998,0.09712230215827333,0.09999999999999998,0.11111111111111116,0.20078740157480313,0.1889763779527559,0.16141732283464572,0.0976491862567812,0.09747292418772568,0.1007194244604317,0.09999999999999998,0.09999999999999998,0.09386281588447654,0.09999999999999998,0.11111111111111116
64,False,Synthetix - v0.5.16 abi2 o1 runs200,AggregationRouterV3 - v0.5.16 abi2 o1 runs200,Synthetix,AggregationRouterV3,0.5531135531135531,0.3626373626373627,0.28205128205128205,0.5693693693693693,0.5719424460431655,0.5467625899280575,0.5428571428571429,0.5142857142857142,0.35611510791366907,0.3571428571428571,0.38888888888888884,0.5748031496062992,0.3661417322834646,0.22834645669291342,0.5316455696202531,0.555956678700361,0.5611510791366907,0.5285714285714286,0.44285714285714284,0.36823104693140796,0.30000000000000004,0.4444444444444444
65,False,Synthetix - v0.5.16 abi2 o1 runs200,UniswapV2Router02 - v0.5.16 abi2 o1 runs200,Synthetix,UniswapV2Router02,0.6783216783216783,0.4545454545454546,0.23076923076923073,0.6864864864864865,0.6762589928057554,0.697841726618705,0.7714285714285715,0.6571428571428571,0.33453237410071945,0.4285714285714286,0.38888888888888884,0.6701754385964912,0.40701754385964917,0.2596491228070176,0.7106690777576854,0.7978339350180506,0.8345323741007195,0.9142857142857143,0.7428571428571429,0.4151624548736462,0.4714285714285714,0.5
66,False,Synthetix - v0.5.16 abi2 o1 runs200,CollateralManagerState - v0.5.16 abi1 o1 runs200,Synthetix,CollateralManagerState,0.3076923076923077,0.3076923076923077,0.2417582417582418,0.2198198198198198,0.21942446043165464,0.2230215827338129,0.22857142857142854,0.2142857142857143,0.1834532374100719,0.17142857142857137,0.16666666666666663,0.31496062992125984,0.29527559055118113,0.2716535433070866,0.21699819168173595,0.21660649819494582,0.2158273381294964,0.2142857142857143,0.18571428571428572,0.20938628158844763,0.18571428571428572,0.2222222222222222
67,False,Synthetix - v0.5.16 abi2 o1 runs200,MainchainGatewayProxy - v0.5.16 abi2 o1 runs200,Synthetix,MainchainGatewayProxy,0.18681318681318682,0.18681318681318682,0.17582417582417587,0.11531531531531536,0.1151079136690647,0.1151079136690647,0.11428571428571432,0.09999999999999998,0.11151079136690645,0.09999999999999998,0.11111111111111116,0.19291338582677164,0.1889763779527559,0.16141732283464572,0.11211573236889694,0.11191335740072206,0.1151079136690647,0.11428571428571432,0.11428571428571432,0.11191335740072206,0.08571428571428574,0.05555555555555558
68,False,Synthetix - v0.5.16 abi2 o1 runs200,BinaryOptionMarketManager - v0.5.16 abi1 o1 runs200,Synthetix,BinaryOptionMarketManager,0.7142857142857143,0.5164835164835164,0.31868131868131866,0.6108108108108108,0.60431654676259,0.5899280575539568,0.5857142857142856,0.48571428571428577,0.3453237410071942,0.34285714285714286,0.2777777777777778,0.7086614173228347,0.5236220472440944,0.45669291338582674,0.5696202531645569,0.5234657039711191,0.5467625899280575,0.5714285714285714,0.4285714285714286,0.3393501805054152,0.34285714285714286,0.5
69,False,Synthetix - v0.5.16 abi2 o1 runs200,CollateralManager - v0.5.16 abi1 o1 runs200,Synthetix,CollateralManager,0.6852367688022284,0.4874651810584958,0.32869080779944293,0.6378378378378378,0.618705035971223,0.5971223021582734,0.5714285714285714,0.48571428571428577,0.34892086330935257,0.3285714285714286,0.5,0.6552706552706553,0.49572649572649574,0.41310541310541316,0.6220614828209765,0.5812274368231047,0.5755395683453237,0.5285714285714286,0.44285714285714284,0.38267148014440433,0.3142857142857143,0.33333333333333337
70,False,Synthetix - v0.5.16 abi2 o1 runs200,DSToken - v0.5.16 abi2 o1 runs200,Synthetix,DSToken,0.31868131868131866,0.29670329670329665,0.26739926739926745,0.22162162162162158,0.2230215827338129,0.2230215827338129,0.22857142857142854,0.2142857142857143,0.19784172661870503,0.2142857142857143,0.2222222222222222,0.33464566929133854,0.2913385826771654,0.2637795275590551,0.21880650994575046,0.22021660649819497,0.2230215827338129,0.22857142857142854,0.2142857142857143,0.17689530685920574,0.18571428571428572,0.2222222222222222
71,False,Synthetix - v0.5.16 abi2 o1 runs200,AddressResolver - v0.5.16 abi2 o1 runs200,Synthetix,AddressResolver,0.19413919413919412,0.19413919413919412,0.17948717948717952,0.16216216216216217,0.1618705035971223,0.16546762589928055,0.17142857142857137,0.17142857142857137,0.15107913669064743,0.15714285714285714,0.11111111111111116,0.20078740157480313,0.19685039370078738,0.18503937007874016,0.15913200723327303,0.15884476534296033,0.15827338129496404,0.15714285714285714,0.15714285714285714,0.148014440433213,0.12857142857142856,0.16666666666666663
72,False,Synthetix - v0.5.16 abi2 o1 runs200,WyvernExchange - v0.5.16 abi1 o1 runs200,Synthetix,WyvernExchange,0.4044444444444445,0.2148148148148148,0.18074074074074076,0.6342412451361867,0.5932642487046632,0.5595854922279793,0.48453608247422686,0.38144329896907214,0.3082901554404145,0.25773195876288657,0.24,0.4,0.3354330708661417,0.2992125984251969,0.5864759427828348,0.5688311688311689,0.538860103626943,0.5773195876288659,0.45360824742268047,0.32987012987012987,0.24742268041237114,0.19999999999999996
73,False,Synthetix - v0.5.16 abi2 o1 runs200,CollateralManager - v0.5.16 abi2 o1 runs200,Synthetix,CollateralManager,0.7912457912457913,0.5622895622895623,0.44107744107744107,0.6792792792792792,0.6870503597122302,0.7122302158273381,0.7142857142857143,0.5571428571428572,0.37410071942446044,0.4285714285714286,0.5,0.7821428571428571,0.6071428571428572,0.5428571428571429,0.7106690777576854,0.7148014440433212,0.7122302158273381,0.7285714285714286,0.6714285714285715,0.5018050541516246,0.4571428571428572,0.38888888888888884
74,False,Synthetix - v0.5.16 abi2 o1 runs200,AddressResolver - v0.5.16 abi1 o1 runs200,Synthetix,AddressResolver,0.21978021978021978,0.21245421245421248,0.16849816849816845,0.14054054054054055,0.14028776978417268,0.14388489208633093,0.1428571428571429,0.1428571428571429,0.13309352517985606,0.1428571428571429,0.11111111111111116,0.2362204724409449,0.20472440944881887,0.15354330708661412,0.1392405063291139,0.1407942238267148,0.14388489208633093,0.1428571428571429,0.11428571428571432,0.13718411552346566,0.09999999999999998,0.11111111111111116
75,False,DSToken - v0.5.16 abi1 o1 runs200,MainchainGatewayProxy - v0.5.16 abi1 o1 runs200,DSToken,MainchainGatewayProxy,0.5638297872340425,0.5425531914893618,0.46808510638297873,0.49122807017543857,0.4736842105263158,0.48275862068965514,0.4666666666666667,0.33333333333333337,0.33333333333333337,0.2666666666666667,0.25,0.5319148936170213,0.5212765957446808,0.46808510638297873,0.4821428571428571,0.4821428571428571,0.5,0.4285714285714286,0.3571428571428571,0.3392857142857143,0.3571428571428571,0.0
76,False,DSToken - v0.5.16 abi1 o1 runs200,AggregationRouterV3 - v0.5.16 abi2 o1 runs200,DSToken,AggregationRouterV3,0.5609756097560976,0.3902439024390244,0.30487804878048785,0.3496932515337423,0.3496932515337423,0.35365853658536583,0.36585365853658536,0.2682926829268293,0.23926380368098155,0.2195121951219512,0.2727272727272727,0.5660377358490566,0.4025157232704403,0.2955974842767296,0.345679012345679,0.345679012345679,0.32098765432098764,0.3414634146341463,0.2682926829268293,0.24691358024691357,0.19512195121951215,0.18181818181818177
77,False,DSToken - v0.5.16 abi1 o1 runs200,UniswapV2Router02 - v0.5.16 abi2 o1 runs200,DSToken,UniswapV2Router02,0.32867132867132864,0.31118881118881114,0.24125874125874125,0.22440944881889768,0.22440944881889768,0.22834645669291342,0.234375,0.1875,0.17716535433070868,0.140625,0.1875,0.3298245614035088,0.3157894736842105,0.2421052631578947,0.22134387351778662,0.22134387351778662,0.21259842519685035,0.1875,0.140625,0.19762845849802368,0.109375,0.25
78,False,DSToken - v0.5.16 abi1 o1 runs200,CollateralManagerState - v0.5.16 abi1 o1 runs200,DSToken,CollateralManagerState,0.8191489361702128,0.5106382978723405,0.34042553191489366,0.7131147540983607,0.6721311475409837,0.7096774193548387,0.8125,0.5625,0.29508196721311475,0.4375,0.25,0.7978723404255319,0.6276595744680851,0.5212765957446808,0.7666666666666666,0.7333333333333334,0.7666666666666666,0.8,0.5333333333333333,0.4666666666666667,0.33333333333333337,0.75
79,False,DSToken - v0.5.16 abi1 o1 runs200,MainchainGatewayProxy - v0.5.16 abi2 o1 runs200,DSToken,MainchainGatewayProxy,0.5212765957446808,0.5106382978723405,0.4148936170212766,0.5526315789473684,0.5087719298245614,0.5172413793103448,0.5333333333333333,0.33333333333333337,0.3157894736842105,0.33333333333333337,0.25,0.46808510638297873,0.46808510638297873,0.4042553191489362,0.5446428571428572,0.5357142857142857,0.5,0.5714285714285714,0.5,0.3392857142857143,0.2857142857142857,0.0
80,False,DSToken - v0.5.16 abi1 o1 runs200,BinaryOptionMarketManager - v0.5.16 abi1 o1 runs200,DSToken,BinaryOptionMarketManager,0.408695652173913,0.408695652173913,0.31739130434782614,0.3015873015873016,0.3015873015873016,0.3052631578947368,0.3125,0.27083333333333337,0.24338624338624337,0.22916666666666663,0.08333333333333337,0.4122807017543859,0.4078947368421053,0.3464912280701754,0.2970822281167109,0.2962962962962963,0.2947368421052632,0.29166666666666663,0.29166666666666663,0.2592592592592593,0.27083333333333337,0.33333333333333337
81,False,DSToken - v0.5.16 abi1 o1 runs200,CollateralManager - v0.5.16 abi1 o1 runs200,DSToken,CollateralManager,0.26183844011142066,0.26183844011142066,0.2200557103064067,0.25909090909090904,0.25909090909090904,0.26363636363636367,0.2727272727272727,0.2545454545454545,0.2272727272727273,0.21818181818181814,0.1428571428571429,0.2678062678062678,0.2678062678062678,0.2535612535612536,0.2557077625570776,0.2557077625570776,0.2545454545454545,0.2545454545454545,0.2545454545454545,0.228310502283105,0.23636363636363633,0.2857142857142857
82,True,DSToken - v0.5.16 abi1 o1 runs200,DSToken - v0.5.16 abi2 o1 runs200,DSToken,DSToken,0.8723404255319149,0.7553191489361702,0.46808510638297873,0.7235772357723578,0.6774193548387097,0.7096774193548387,0.5625,0.4375,0.3709677419354839,0.4375,0.25,0.8297872340425532,0.7446808510638299,0.5531914893617021,0.743801652892562,0.6885245901639344,0.6774193548387097,0.6875,0.5,0.3770491803278688,0.3125,0.5
83,False,DSToken - v0.5.16 abi1 o1 runs200,AddressResolver - v0.5.16 abi2 o1 runs200,DSToken,AddressResolver,0.5319148936170213,0.4787234042553191,0.3936170212765957,0.6578947368421053,0.5614035087719298,0.5517241379310345,0.5333333333333333,0.4666666666666667,0.26315789473684215,0.4,0.0,0.5,0.44680851063829785,0.35106382978723405,0.6607142857142857,0.6785714285714286,0.5357142857142857,0.5,0.3571428571428571,0.375,0.2857142857142857,0.0
84,False,DSToken - v0.5.16 abi1 o1 runs200,WyvernExchange - v0.5.16 abi1 o1 runs200,DSToken,WyvernExchange,0.1392592592592593,0.07999999999999996,0.07851851851851854,0.14785992217898836,0.1476683937823834,0.15025906735751293,0.15463917525773196,0.15463917525773196,0.1295336787564767,0.134020618556701,0.12,0.14803149606299215,0.14803149606299215,0.1417322834645669,0.14564369310793235,0.1454545454545455,0.14507772020725385,0.14432989690721654,0.14432989690721654,0.1298701298701299,0.12371134020618557,0.07999999999999996
85,False,DSToken - v0.5.16 abi1 o1 runs200,CollateralManager - v0.5.16 abi2 o1 runs200,DSToken,CollateralManager,0.3164983164983165,0.3164983164983165,0.22558922558922556,0.2626728110599078,0.2626728110599078,0.2660550458715596,0.2727272727272727,0.23636363636363633,0.21658986175115202,0.1636363636363637,0.2142857142857143,0.33571428571428574,0.32499999999999996,0.2607142857142857,0.2592592592592593,0.2592592592592593,0.2592592592592593,0.2592592592592593,0.2222222222222222,0.22685185185185186,0.16666666666666663,0.2857142857142857
86,False,DSToken - v0.5.16 abi1 o1 runs200,AddressResolver - v0.5.16 abi1 o1 runs200,DSToken,AddressResolver,0.5425531914893618,0.5212765957446808,0.42553191489361697,0.631578947368421,0.5789473684210527,0.6896551724137931,0.6666666666666667,0.4,0.368421052631579,0.2666666666666667,0.5,0.5319148936170213,0.5,0.44680851063829785,0.6428571428571428,0.6071428571428572,0.6071428571428572,0.6428571428571428,0.5,0.3928571428571429,0.2857142857142857,0.0
87,False,MainchainGatewayProxy - v0.5.16 abi1 o1 runs200,AggregationRouterV3 - v0.5.16 abi2 o1 runs200,MainchainGatewayProxy,AggregationRouterV3,0.323170731707317,0.2804878048780488,0.23170731707317072,0.17177914110429449,0.17177914110429449,0.1707317073170732,0.1707317073170732,0.1707317073170732,0.14723926380368102,0.14634146341463417,0.09090909090909094,0.3207547169811321,0.28301886792452835,0.20125786163522008,0.16666666666666663,0.16666666666666663,0.1728395061728395,0.1707317073170732,0.14634146341463417,0.14814814814814814,0.12195121951219512,0.18181818181818177
88,False,MainchainGatewayProxy - v0.5.16 abi1 o1 runs200,UniswapV2Router02 - v0.5.16 abi2 o1 runs200,MainchainGatewayProxy,UniswapV2Router02,0.1853146853146853,0.1853146853146853,0.1503496503496503,0.11023622047244097,0.11023622047244097,0.11023622047244097,0.109375,0.109375,0.10236220472440949,0.078125,0.125,0.17894736842105263,0.17894736842105263,0.15087719298245617,0.10671936758893286,0.10671936758893286,0.11023622047244097,0.109375,0.09375,0.09486166007905139,0.09375,0.125
89,False,MainchainGatewayProxy - v0.5.16 abi1 o1 runs200,CollateralManagerState - v0.5.16 abi1 o1 runs200,MainchainGatewayProxy,CollateralManagerState,0.6190476190476191,0.44047619047619047,0.30952380952380953,0.4508196721311475,0.4426229508196722,0.4516129032258065,0.4375,0.375,0.2622950819672131,0.375,0.0,0.6,0.5625,0.4375,0.44999999999999996,0.44999999999999996,0.43333333333333335,0.4,0.4,0.31666666666666665,0.33333333333333337,0.0
90,True,MainchainGatewayProxy - v0.5.16 abi1 o1 runs200,MainchainGatewayProxy - v0.5.16 abi2 o1 runs200,MainchainGatewayProxy,MainchainGatewayProxy,0.9245283018867925,0.8679245283018868,0.6603773584905661,0.671875,0.75,0.8125,0.75,0.5,0.40625,0.125,0.0,0.8431372549019608,0.7450980392156863,0.6274509803921569,0.7580645161290323,0.7096774193548387,0.75,0.75,0.625,0.3870967741935484,0.125,0.0
91,False,MainchainGatewayProxy - v0.5.16 abi1 o1 runs200,BinaryOptionMarketManager - v0.5.16 abi1 o1 runs200,MainchainGatewayProxy,BinaryOptionMarketManager,0.23043478260869565,0.23043478260869565,0.20869565217391306,0.14814814814814814,0.14814814814814814,0.1473684210526316,0.14583333333333337,0.14583333333333337,0.1428571428571429,0.125,0.08333333333333337,0.22368421052631582,0.22368421052631582,0.19298245614035092,0.14323607427055707,0.1428571428571429,0.1473684210526316,0.14583333333333337,0.14583333333333337,0.13227513227513232,0.14583333333333337,0.16666666666666663
92,False,MainchainGatewayProxy - v0.5.16 abi1 o1 runs200,CollateralManager - v0.5.16 abi1 o1 runs200,MainchainGatewayProxy,CollateralManager,0.14763231197771587,0.14763231197771587,0.1392757660167131,0.12727272727272732,0.12727272727272732,0.12727272727272732,0.12727272727272732,0.12727272727272732,0.11818181818181817,0.10909090909090913,0.0714285714285714,0.14529914529914534,0.14529914529914534,0.13960113960113962,0.12328767123287676,0.12328767123287676,0.12727272727272732,0.12727272727272732,0.12727272727272732,0.1187214611872146,0.12727272727272732,0.1428571428571429
93,False,MainchainGatewayProxy - v0.5.16 abi1 o1 runs200,DSToken - v0.5.16 abi2 o1 runs200,MainchainGatewayProxy,DSToken,0.6091954022988506,0.5747126436781609,0.4252873563218391,0.4552845528455285,0.4354838709677419,0.4516129032258065,0.375,0.375,0.33870967741935487,0.3125,0.25,0.6,0.5764705882352941,0.3647058823529412,0.44628099173553715,0.42622950819672134,0.4193548387096774,0.375,0.3125,0.24590163934426235,0.25,0.25
94,False,MainchainGatewayProxy - v0.5.16 abi1 o1 runs200,AddressResolver - v0.5.16 abi2 o1 runs200,MainchainGatewayProxy,AddressResolver,0.8490566037735849,0.6415094339622642,0.4339622641509434,0.5777777777777777,0.5555555555555556,0.4782608695652174,0.41666666666666663,0.33333333333333337,0.3111111111111111,0.25,0.6666666666666667,0.803921568627451,0.5294117647058824,0.3921568627450981,0.5681818181818181,0.5681818181818181,0.5454545454545454,0.5454545454545454,0.4545454545454546,0.34090909090909094,0.2727272727272727,0.33333333333333337
95,False,MainchainGatewayProxy - v0.5.16 abi1 o1 runs200,WyvernExchange - v0.5.16 abi1 o1 runs200,MainchainGatewayProxy,WyvernExchange,0.07851851851851854,0.06074074074074076,0.045925925925925926,0.07263294422827493,0.07253886010362698,0.07253886010362698,0.07216494845360821,0.07216494845360821,0.06994818652849744,0.07216494845360821,0.040000000000000036,0.08031496062992127,0.08031496062992127,0.07874015748031493,0.070221066319896,0.07012987012987015,0.07253886010362698,0.07216494845360821,0.07216494845360821,0.06753246753246755,0.07216494845360821,0.040000000000000036
96,False,MainchainGatewayProxy - v0.5.16 abi1 o1 runs200,CollateralManager - v0.5.16 abi2 o1 runs200,MainchainGatewayProxy,CollateralManager,0.17845117845117842,0.17845117845117842,0.1582491582491582,0.12903225806451613,0.12903225806451613,0.12844036697247707,0.12727272727272732,0.12727272727272732,0.12442396313364057,0.09090909090909094,0.0714285714285714,0.18214285714285716,0.18214285714285716,0.15357142857142858,0.125,0.125,0.12962962962962965,0.12962962962962965,0.12962962962962965,0.1157407407407407,0.12962962962962965,0.0714285714285714
97,False,MainchainGatewayProxy - v0.5.16 abi1 o1 runs200,AddressResolver - v0.5.16 abi1 o1 runs200,MainchainGatewayProxy,AddressResolver,0.75,0.6333333333333333,0.3666666666666667,0.6538461538461539,0.6666666666666667,0.6,0.7,0.6,0.33333333333333337,0.6,0.6666666666666667,0.7333333333333334,0.6,0.44999999999999996,0.6493506493506493,0.6666666666666667,0.7,0.7,0.5,0.3846153846153846,0.30000000000000004,0.6666666666666667
98,False,AggregationRouterV3 - v0.5.16 abi2 o1 runs200,UniswapV2Router02 - v0.5.16 abi2 o1 runs200,AggregationRouterV3,UniswapV2Router02,0.56993006993007,0.4755244755244755,0.3601398601398601,0.6003937007874016,0.5826771653543308,0.5826771653543308,0.578125,0.5,0.37401574803149606,0.34375,0.5625,0.5578947368421052,0.48070175438596496,0.368421052631579,0.5928853754940712,0.5889328063241106,0.6062992125984252,0.53125,0.4375,0.3952569169960475,0.328125,0.4375
99,False,AggregationRouterV3 - v0.5.16 abi2 o1 runs200,CollateralManagerState - v0.5.16 abi1 o1 runs200,AggregationRouterV3,CollateralManagerState,0.5121951219512195,0.3292682926829268,0.2621951219512195,0.3742331288343558,0.3742331288343558,0.3780487804878049,0.3902439024390244,0.3414634146341463,0.26993865030674846,0.2682926829268293,0.2727272727272727,0.5031446540880503,0.32704402515723274,0.21383647798742134,0.37037037037037035,0.37037037037037035,0.3580246913580247,0.36585365853658536,0.24390243902439024,0.2901234567901234,0.14634146341463417,0.18181818181818177
100,False,AggregationRouterV3 - v0.5.16 abi2 o1 runs200,MainchainGatewayProxy - v0.5.16 abi2 o1 runs200,AggregationRouterV3,MainchainGatewayProxy,0.3109756097560976,0.2682926829268293,0.19512195121951215,0.19631901840490795,0.19631901840490795,0.19512195121951215,0.19512195121951215,0.14634146341463417,0.16564417177914115,0.14634146341463417,0.09090909090909094,0.30817610062893086,0.2704402515723271,0.18867924528301883,0.191358024691358,0.191358024691358,0.19753086419753085,0.19512195121951215,0.1707317073170732,0.1728395061728395,0.12195121951219512,0.09090909090909094
101,False,AggregationRouterV3 - v0.5.16 abi2 o1 runs200,BinaryOptionMarketManager - v0.5.16 abi1 o1 runs200,AggregationRouterV3,BinaryOptionMarketManager,0.6304347826086957,0.4695652173913043,0.34782608695652173,0.6851851851851851,0.656084656084656,0.6421052631578947,0.6458333333333333,0.41666666666666663,0.3227513227513228,0.29166666666666663,0.33333333333333337,0.6271929824561404,0.47807017543859653,0.33333333333333337,0.6100795755968169,0.6137566137566137,0.5894736842105264,0.5416666666666667,0.41666666666666663,0.3492063492063492,0.3125,0.25
102,False,AggregationRouterV3 - v0.5.16 abi2 o1 runs200,CollateralManager - v0.5.16 abi1 o1 runs200,AggregationRouterV3,CollateralManager,0.4568245125348189,0.4066852367688022,0.3231197771587744,0.6431818181818182,0.6227272727272728,0.5636363636363637,0.5818181818181818,0.4181818181818182,0.35,0.2727272727272727,0.4285714285714286,0.45299145299145294,0.4045584045584045,0.2649572649572649,0.595890410958904,0.5844748858447488,0.5545454545454546,0.5454545454545454,0.4,0.3378995433789954,0.32727272727272727,0.3571428571428571
103,False,AggregationRouterV3 - v0.5.16 abi2 o1 runs200,DSToken - v0.5.16 abi2 o1 runs200,AggregationRouterV3,DSToken,0.524390243902439,0.3780487804878049,0.2987804878048781,0.37730061349693256,0.3803680981595092,0.3780487804878049,0.3902439024390244,0.3414634146341463,0.2883435582822086,0.24390243902439024,0.09090909090909094,0.5220125786163522,0.37106918238993714,0.24528301886792447,0.3734567901234568,0.37037037037037035,0.37037037037037035,0.3902439024390244,0.2682926829268293,0.28395061728395066,0.2195121951219512,0.09090909090909094
104,False,AggregationRouterV3 - v0.5.16 abi2 o1 runs200,AddressResolver - v0.5.16 abi2 o1 runs200,AggregationRouterV3,AddressResolver,0.323170731707317,0.30487804878048785,0.23780487804878048,0.2760736196319018,0.2760736196319018,0.2804878048780488,0.29268292682926833,0.29268292682926833,0.23926380368098155,0.29268292682926833,0.09090909090909094,0.3207547169811321,0.2955974842767296,0.2264150943396226,0.2716049382716049,0.2716049382716049,0.2716049382716049,0.2682926829268293,0.24390243902439024,0.22839506172839508,0.2195121951219512,0.2727272727272727
105,False,AggregationRouterV3 - v0.5.16 abi2 o1 runs200,WyvernExchange - v0.5.16 abi1 o1 runs200,AggregationRouterV3,WyvernExchange,0.24296296296296294,0.18222222222222217,0.17333333333333334,0.4228274967574579,0.4196891191709845,0.39896373056994816,0.4226804123711341,0.31958762886597936,0.272020725388601,0.24742268041237114,0.19999999999999996,0.25039370078740153,0.24094488188976382,0.17795275590551185,0.4200260078023407,0.4,0.40414507772020725,0.35051546391752575,0.31958762886597936,0.2597402597402597,0.23711340206185572,0.28
106,False,AggregationRouterV3 - v0.5.16 abi2 o1 runs200,CollateralManager - v0.5.16 abi2 o1 runs200,AggregationRouterV3,CollateralManager,0.5387205387205387,0.43434343434343436,0.31986531986531985,0.6658986175115207,0.6175115207373272,0.6146788990825688,0.6181818181818182,0.509090909090909,0.3548387096774194,0.34545454545454546,0.4285714285714286,0.5464285714285715,0.42500000000000004,0.2964285714285714,0.6203703703703703,0.6203703703703703,0.6388888888888888,0.5925925925925926,0.37037037037037035,0.3842592592592593,0.2962962962962963,0.2857142857142857
107,False,AggregationRouterV3 - v0.5.16 abi2 o1 runs200,AddressResolver - v0.5.16 abi1 o1 runs200,AggregationRouterV3,AddressResolver,0.36585365853658536,0.31707317073170727,0.25609756097560976,0.23926380368098155,0.23926380368098155,0.24390243902439024,0.24390243902439024,0.2195121951219512,0.19631901840490795,0.14634146341463417,0.18181818181818177,0.37735849056603776,0.32704402515723274,0.2264150943396226,0.23765432098765427,0.2407407407407407,0.24691358024691357,0.24390243902439024,0.2195121951219512,0.20370370370370372,0.2195121951219512,0.18181818181818177
108,False,UniswapV2Router02 - v0.5.16 abi2 o1 runs200,CollateralManagerState - v0.5.16 abi1 o1 runs200,UniswapV2Router02,CollateralManagerState,0.29370629370629375,0.2797202797202797,0.24125874125874125,0.24015748031496065,0.24015748031496065,0.2440944881889764,0.25,0.234375,0.1889763779527559,0.1875,0.1875,0.2807017543859649,0.2701754385964912,0.21403508771929824,0.23715415019762842,0.23715415019762842,0.2362204724409449,0.21875,0.1875,0.2055335968379447,0.1875,0.25
109,False,UniswapV2Router02 - v0.5.16 abi2 o1 runs200,MainchainGatewayProxy - v0.5.16 abi2 o1 runs200,UniswapV2Router02,MainchainGatewayProxy,0.17832167832167833,0.17832167832167833,0.13636363636363635,0.12598425196850394,0.12598425196850394,0.12598425196850394,0.125,0.109375,0.11811023622047245,0.09375,0.0625,0.1719298245614035,0.1719298245614035,0.15087719298245617,0.12252964426877466,0.12252964426877466,0.12598425196850394,0.125,0.109375,0.11857707509881421,0.0625,0.0625
110,False,UniswapV2Router02 - v0.5.16 abi2 o1 runs200,BinaryOptionMarketManager - v0.5.16 abi1 o1 runs200,UniswapV2Router02,BinaryOptionMarketManager,0.6958041958041958,0.5244755244755245,0.40909090909090906,0.6594488188976377,0.5708661417322834,0.5984251968503937,0.59375,0.484375,0.35433070866141736,0.359375,0.4375,0.6912280701754385,0.49122807017543857,0.30877192982456136,0.6007905138339921,0.541501976284585,0.5905511811023623,0.5625,0.421875,0.37154150197628455,0.34375,0.3125
111,False,UniswapV2Router02 - v0.5.16 abi2 o1 runs200,CollateralManager - v0.5.16 abi1 o1 runs200,UniswapV2Router02,CollateralManager,0.7214484679665738,0.5682451253481895,0.4178272980501393,0.6653543307086613,0.578740157480315,0.5905511811023623,0.53125,0.46875,0.32677165354330706,0.328125,0.375,0.7207977207977208,0.5270655270655271,0.3133903133903134,0.6679841897233201,0.6047430830039526,0.5984251968503937,0.5,0.40625,0.3517786561264822,0.328125,0.5
112,False,UniswapV2Router02 - v0.5.16 abi2 o1 runs200,DSToken - v0.5.16 abi2 o1 runs200,UniswapV2Router02,DSToken,0.30419580419580416,0.2797202797202797,0.20629370629370625,0.24212598425196852,0.2440944881889764,0.2440944881889764,0.25,0.25,0.20472440944881887,0.203125,0.125,0.29824561403508776,0.2807017543859649,0.23508771929824557,0.23913043478260865,0.24110671936758898,0.2440944881889764,0.25,0.25,0.18972332015810278,0.203125,0.1875
113,False,UniswapV2Router02 - v0.5.16 abi2 o1 runs200,AddressResolver - v0.5.16 abi2 o1 runs200,UniswapV2Router02,AddressResolver,0.1853146853146853,0.1853146853146853,0.14685314685314688,0.17716535433070868,0.17716535433070868,0.18110236220472442,0.1875,0.1875,0.1692913385826772,0.171875,0.125,0.17894736842105263,0.17894736842105263,0.16491228070175434,0.17391304347826086,0.17391304347826086,0.17322834645669294,0.171875,0.171875,0.1541501976284585,0.125,0.1875
114,False,UniswapV2Router02 - v0.5.16 abi2 o1 runs200,WyvernExchange - v0.5.16 abi1 o1 runs200,UniswapV2Router02,WyvernExchange,0.4237037037037037,0.322962962962963,0.2548148148148148,0.6186770428015564,0.5932642487046632,0.5544041450777202,0.4742268041237113,0.38144329896907214,0.3393782383419689,0.28865979381443296,0.19999999999999996,0.44881889763779526,0.3858267716535433,0.24251968503937005,0.6059817945383614,0.6077922077922078,0.5751295336787565,0.6185567010309279,0.48453608247422686,0.38441558441558443,0.35051546391752575,0.24
115,False,UniswapV2Router02 - v0.5.16 abi2 o1 runs200,CollateralManager - v0.5.16 abi2 o1 runs200,UniswapV2Router02,CollateralManager,0.7070707070707071,0.5589225589225589,0.31313131313131315,0.6889763779527559,0.6732283464566929,0.6850393700787402,0.75,0.578125,0.36220472440944884,0.390625,0.4375,0.7087719298245614,0.4631578947368421,0.2771929824561403,0.6640316205533596,0.7075098814229249,0.7165354330708662,0.734375,0.625,0.40711462450592883,0.453125,0.5
116,False,UniswapV2Router02 - v0.5.16 abi2 o1 runs200,AddressResolver - v0.5.16 abi1 o1 runs200,UniswapV2Router02,AddressResolver,0.2097902097902098,0.2097902097902098,0.18181818181818177,0.15354330708661412,0.15354330708661412,0.15748031496062997,0.15625,0.140625,0.13779527559055116,0.125,0.125,0.21052631578947367,0.21052631578947367,0.17543859649122806,0.15217391304347827,0.1541501976284585,0.15748031496062997,0.15625,0.125,0.14229249011857703,0.09375,0.125
117,False,CollateralManagerState - v0.5.16 abi1 o1 runs200,MainchainGatewayProxy - v0.5.16 abi2 o1 runs200,CollateralManagerState,MainchainGatewayProxy,0.5714285714285714,0.41666666666666663,0.3571428571428571,0.5245901639344263,0.4918032786885246,0.4838709677419355,0.5,0.375,0.2622950819672131,0.3125,0.0,0.5,0.48750000000000004,0.4,0.5083333333333333,0.5166666666666666,0.4666666666666667,0.5333333333333333,0.5333333333333333,0.3833333333333333,0.33333333333333337,0.0
118,False,CollateralManagerState - v0.5.16 abi1 o1 runs200,BinaryOptionMarketManager - v0.5.16 abi1 o1 runs200,CollateralManagerState,BinaryOptionMarketManager,0.3652173913043478,0.31304347826086953,0.28695652173913044,0.3227513227513228,0.3227513227513228,0.3263157894736842,0.3125,0.27083333333333337,0.25396825396825395,0.20833333333333337,0.25,0.3508771929824561,0.3508771929824561,0.3464912280701754,0.3183023872679045,0.31746031746031744,0.3157894736842105,0.3125,0.29166666666666663,0.29100529100529104,0.29166666666666663,0.33333333333333337
119,False,CollateralManagerState - v0.5.16 abi1 o1 runs200,CollateralManager - v0.5.16 abi1 o1 runs200,CollateralManagerState,CollateralManager,0.23398328690807801,0.23398328690807801,0.20334261838440115,0.2772727272727272,0.2772727272727272,0.28181818181818186,0.2909090909090909,0.2727272727272727,0.2545454545454545,0.23636363636363633,0.2142857142857143,0.22792022792022792,0.22792022792022792,0.22792022792022792,0.273972602739726,0.273972602739726,0.2727272727272727,0.2727272727272727,0.2727272727272727,0.26027397260273977,0.2727272727272727,0.2857142857142857
120,False,CollateralManagerState - v0.5.16 abi1 o1 runs200,DSToken - v0.5.16 abi2 o1 runs200,CollateralManagerState,DSToken,0.8735632183908046,0.5287356321839081,0.3448275862068966,0.6747967479674797,0.6612903225806452,0.7096774193548387,0.625,0.4375,0.24193548387096775,0.375,0.0,0.8705882352941177,0.6823529411764706,0.5294117647058824,0.768595041322314,0.7049180327868853,0.7741935483870968,0.875,0.5,0.360655737704918,0.375,0.25
121,False,CollateralManagerState - v0.5.16 abi1 o1 runs200,AddressResolver - v0.5.16 abi2 o1 runs200,CollateralManagerState,AddressResolver,0.5476190476190477,0.3928571428571429,0.30952380952380953,0.6311475409836065,0.5737704918032787,0.5806451612903225,0.6875,0.6875,0.3114754098360656,0.5,0.0,0.55,0.475,0.36250000000000004,0.65,0.6166666666666667,0.5666666666666667,0.5333333333333333,0.4666666666666667,0.33333333333333337,0.33333333333333337,0.0
122,False,CollateralManagerState - v0.5.16 abi1 o1 runs200,WyvernExchange - v0.5.16 abi1 o1 runs200,CollateralManagerState,WyvernExchange,0.12444444444444447,0.10074074074074069,0.09333333333333338,0.1582360570687419,0.15803108808290156,0.1606217616580311,0.1649484536082474,0.1649484536082474,0.13989637305699487,0.14432989690721654,0.07999999999999996,0.12598425196850394,0.12598425196850394,0.12283464566929136,0.15604681404421328,0.1558441558441559,0.15544041450777202,0.15463917525773196,0.14432989690721654,0.1428571428571429,0.134020618556701,0.07999999999999996
123,False,CollateralManagerState - v0.5.16 abi1 o1 runs200,CollateralManager - v0.5.16 abi2 o1 runs200,CollateralManagerState,CollateralManager,0.2828282828282829,0.2828282828282829,0.2222222222222222,0.28110599078341014,0.28110599078341014,0.2844036697247706,0.2909090909090909,0.2727272727272727,0.21658986175115202,0.21818181818181814,0.2142857142857143,0.2857142857142857,0.2857142857142857,0.2785714285714286,0.2777777777777778,0.27314814814814814,0.2777777777777778,0.2777777777777778,0.2407407407407407,0.2592592592592593,0.2222222222222222,0.2857142857142857
124,False,CollateralManagerState - v0.5.16 abi1 o1 runs200,AddressResolver - v0.5.16 abi1 o1 runs200,CollateralManagerState,AddressResolver,0.5476190476190477,0.40476190476190477,0.3571428571428571,0.6147540983606558,0.5573770491803278,0.6451612903225806,0.625,0.4375,0.34426229508196726,0.3125,0.0,0.55,0.4625,0.4125,0.5833333333333333,0.5666666666666667,0.5666666666666667,0.6,0.4,0.4,0.2666666666666667,0.0
125,False,MainchainGatewayProxy - v0.5.16 abi2 o1 runs200,BinaryOptionMarketManager - v0.5.16 abi1 o1 runs200,MainchainGatewayProxy,BinaryOptionMarketManager,0.22173913043478266,0.22173913043478266,0.19565217391304346,0.1693121693121693,0.1693121693121693,0.16842105263157892,0.16666666666666663,0.14583333333333337,0.1534391534391535,0.14583333333333337,0.08333333333333337,0.2149122807017544,0.2149122807017544,0.1885964912280702,0.16445623342175064,0.16402116402116407,0.16842105263157892,0.16666666666666663,0.16666666666666663,0.1428571428571429,0.14583333333333337,0.08333333333333337
126,False,MainchainGatewayProxy - v0.5.16 abi2 o1 runs200,CollateralManager - v0.5.16 abi1 o1 runs200,MainchainGatewayProxy,CollateralManager,0.14206128133704732,0.14206128133704732,0.13370473537604455,0.1454545454545455,0.1454545454545455,0.1454545454545455,0.1454545454545455,0.12727272727272732,0.13636363636363635,0.12727272727272732,0.0714285714285714,0.13960113960113962,0.13960113960113962,0.1339031339031339,0.14155251141552516,0.14155251141552516,0.1454545454545455,0.1454545454545455,0.1454545454545455,0.13242009132420096,0.10909090909090913,0.0714285714285714
127,False,MainchainGatewayProxy - v0.5.16 abi2 o1 runs200,DSToken - v0.5.16 abi2 o1 runs200,MainchainGatewayProxy,DSToken,0.5747126436781609,0.5747126436781609,0.49425287356321834,0.5203252032520325,0.5,0.5161290322580645,0.4375,0.375,0.33870967741935487,0.375,0.25,0.5411764705882354,0.5294117647058824,0.49411764705882355,0.5041322314049587,0.47540983606557374,0.4838709677419355,0.5,0.4375,0.3114754098360656,0.25,0.25
128,False,MainchainGatewayProxy - v0.5.16 abi2 o1 runs200,AddressResolver - v0.5.16 abi2 o1 runs200,MainchainGatewayProxy,AddressResolver,0.8301886792452831,0.5849056603773585,0.4528301886792453,0.6888888888888889,0.6,0.5652173913043479,0.5,0.33333333333333337,0.33333333333333337,0.33333333333333337,0.33333333333333337,0.7843137254901961,0.47058823529411764,0.4117647058823529,0.6363636363636364,0.6363636363636364,0.6363636363636364,0.6363636363636364,0.5454545454545454,0.38636363636363635,0.4545454545454546,0.33333333333333337
129,False,MainchainGatewayProxy - v0.5.16 abi2 o1 runs200,WyvernExchange - v0.5.16 abi1 o1 runs200,MainchainGatewayProxy,WyvernExchange,0.0755555555555556,0.05777777777777782,0.04148148148148145,0.08300907911802857,0.08290155440414504,0.08290155440414504,0.08247422680412375,0.08247422680412375,0.0803108808290155,0.08247422680412375,0.07999999999999996,0.0771653543307087,0.0771653543307087,0.07401574803149602,0.08062418725617682,0.08051948051948055,0.08290155440414504,0.08247422680412375,0.08247422680412375,0.07272727272727275,0.07216494845360821,0.040000000000000036
130,False,MainchainGatewayProxy - v0.5.16 abi2 o1 runs200,CollateralManager - v0.5.16 abi2 o1 runs200,MainchainGatewayProxy,CollateralManager,0.1717171717171717,0.1717171717171717,0.16161616161616166,0.14746543778801846,0.14746543778801846,0.14678899082568808,0.1454545454545455,0.12727272727272732,0.13824884792626724,0.12727272727272732,0.0714285714285714,0.17500000000000004,0.17500000000000004,0.1607142857142857,0.1435185185185185,0.1435185185185185,0.14814814814814814,0.14814814814814814,0.14814814814814814,0.1342592592592593,0.11111111111111116,0.1428571428571429
131,False,MainchainGatewayProxy - v0.5.16 abi2 o1 runs200,AddressResolver - v0.5.16 abi1 o1 runs200,MainchainGatewayProxy,AddressResolver,0.75,0.6166666666666667,0.3833333333333333,0.641025641025641,0.717948717948718,0.6,0.6,0.4,0.28205128205128205,0.30000000000000004,0.33333333333333337,0.7166666666666667,0.5833333333333333,0.4,0.7142857142857143,0.641025641025641,0.7,0.8,0.6,0.33333333333333337,0.30000000000000004,0.6666666666666667
132,False,BinaryOptionMarketManager - v0.5.16 abi1 o1 runs200,CollateralManager - v0.5.16 abi1 o1 runs200,BinaryOptionMarketManager,CollateralManager,0.637883008356546,0.5626740947075208,0.479108635097493,0.6977272727272728,0.7,0.6818181818181819,0.6363636363636364,0.49090909090909096,0.38636363636363635,0.3090909090909091,0.4285714285714286,0.641025641025641,0.566951566951567,0.4757834757834758,0.7100456621004566,0.6986301369863014,0.7181818181818183,0.7272727272727273,0.5636363636363637,0.4200913242009132,0.4545454545454546,0.3571428571428571
133,False,BinaryOptionMarketManager - v0.5.16 abi1 o1 runs200,DSToken - v0.5.16 abi2 o1 runs200,BinaryOptionMarketManager,DSToken,0.37826086956521743,0.3739130434782608,0.28260869565217395,0.32539682539682535,0.328042328042328,0.3263157894736842,0.33333333333333337,0.3125,0.2857142857142857,0.27083333333333337,0.16666666666666663,0.3728070175438597,0.368421052631579,0.32456140350877194,0.32095490716180375,0.3227513227513228,0.3263157894736842,0.33333333333333337,0.3125,0.26455026455026454,0.27083333333333337,0.25
134,False,BinaryOptionMarketManager - v0.5.16 abi1 o1 runs200,AddressResolver - v0.5.16 abi2 o1 runs200,BinaryOptionMarketManager,AddressResolver,0.23043478260869565,0.23043478260869565,0.19999999999999996,0.23809523809523814,0.23809523809523814,0.2421052631578947,0.25,0.25,0.1957671957671958,0.20833333333333337,0.16666666666666663,0.22368421052631582,0.2192982456140351,0.20614035087719296,0.23342175066312998,0.2328042328042328,0.2315789473684211,0.22916666666666663,0.20833333333333337,0.1957671957671958,0.1875,0.16666666666666663
135,False,BinaryOptionMarketManager - v0.5.16 abi1 o1 runs200,WyvernExchange - v0.5.16 abi1 o1 runs200,BinaryOptionMarketManager,WyvernExchange,0.3407407407407408,0.197037037037037,0.16888888888888887,0.4889753566796369,0.4740932642487047,0.40932642487046633,0.45360824742268047,0.3711340206185567,0.27979274611398963,0.24742268041237114,0.19999999999999996,0.35905511811023627,0.3307086614173228,0.278740157480315,0.47984395318595574,0.4285714285714286,0.43005181347150256,0.38144329896907214,0.3402061855670103,0.3194805194805195,0.30927835051546393,0.24
136,False,BinaryOptionMarketManager - v0.5.16 abi1 o1 runs200,CollateralManager - v0.5.16 abi2 o1 runs200,BinaryOptionMarketManager,CollateralManager,0.7138047138047139,0.5757575757575757,0.3367003367003367,0.6728110599078341,0.6866359447004609,0.6697247706422018,0.6909090909090909,0.5636363636363637,0.34562211981566815,0.38181818181818183,0.2857142857142857,0.725,0.55,0.4535714285714286,0.6458333333333333,0.6203703703703703,0.712962962962963,0.6851851851851851,0.5555555555555556,0.38888888888888884,0.42592592592592593,0.3571428571428571
137,False,BinaryOptionMarketManager - v0.5.16 abi1 o1 runs200,AddressResolver - v0.5.16 abi1 o1 runs200,BinaryOptionMarketManager,AddressResolver,0.26086956521739135,0.26086956521739135,0.22608695652173916,0.2063492063492064,0.2063492063492064,0.21052631578947367,0.20833333333333337,0.20833333333333337,0.20105820105820105,0.16666666666666663,0.16666666666666663,0.26315789473684215,0.26315789473684215,0.22368421052631582,0.20424403183023876,0.2063492063492064,0.21052631578947367,0.20833333333333337,0.20833333333333337,0.19047619047619047,0.20833333333333337,0.16666666666666663
138,False,CollateralManager - v0.5.16 abi1 o1 runs200,DSToken - v0.5.16 abi2 o1 runs200,CollateralManager,DSToken,0.24233983286908078,0.23955431754874656,0.20055710306406682,0.27954545454545454,0.28181818181818186,0.28181818181818186,0.2909090909090909,0.2727272727272727,0.2318181818181818,0.21818181818181814,0.2142857142857143,0.24216524216524216,0.24216524216524216,0.23361823361823364,0.27625570776255703,0.27853881278538817,0.28181818181818186,0.2909090909090909,0.2909090909090909,0.2374429223744292,0.2909090909090909,0.2142857142857143
139,False,CollateralManager - v0.5.16 abi1 o1 runs200,AddressResolver - v0.5.16 abi2 o1 runs200,CollateralManager,AddressResolver,0.14763231197771587,0.14763231197771587,0.1392757660167131,0.20454545454545459,0.20454545454545459,0.2090909090909091,0.21818181818181814,0.21818181818181814,0.17727272727272725,0.19999999999999996,0.0714285714285714,0.14529914529914534,0.14529914529914534,0.14245014245014243,0.2009132420091324,0.2009132420091324,0.19999999999999996,0.19999999999999996,0.18181818181818177,0.15981735159817356,0.1636363636363637,0.0714285714285714
140,False,CollateralManager - v0.5.16 abi1 o1 runs200,WyvernExchange - v0.5.16 abi1 o1 runs200,CollateralManager,WyvernExchange,0.5214814814814814,0.35259259259259257,0.2770370370370371,0.556420233463035,0.5259067357512953,0.4248704663212435,0.5051546391752577,0.4020618556701031,0.3134715025906736,0.27835051546391754,0.16000000000000003,0.552755905511811,0.4456692913385827,0.3464566929133859,0.5422626788036411,0.49350649350649356,0.4766839378238342,0.41237113402061853,0.3608247422680413,0.34285714285714286,0.28865979381443296,0.19999999999999996
141,True,CollateralManager - v0.5.16 abi1 o1 runs200,CollateralManager - v0.5.16 abi2 o1 runs200,CollateralManager,CollateralManager,0.7520891364902507,0.6406685236768802,0.3844011142061281,0.675,0.6636363636363636,0.6181818181818182,0.6363636363636364,0.509090909090909,0.32272727272727275,0.2909090909090909,0.5714285714285714,0.7378917378917379,0.5897435897435898,0.5413105413105412,0.6484018264840183,0.6621004566210046,0.6727272727272727,0.6,0.509090909090909,0.3881278538812786,0.3090909090909091,0.4285714285714286
142,False,CollateralManager - v0.5.16 abi1 o1 runs200,AddressResolver - v0.5.16 abi1 o1 runs200,CollateralManager,AddressResolver,0.16713091922005574,0.16713091922005574,0.1615598885793872,0.17727272727272725,0.17727272727272725,0.18181818181818177,0.18181818181818177,0.18181818181818177,0.1681818181818182,0.1636363636363637,0.0714285714285714,0.1709401709401709,0.1709401709401709,0.16809116809116809,0.17579908675799083,0.17808219178082196,0.18181818181818177,0.18181818181818177,0.18181818181818177,0.1735159817351598,0.1636363636363637,0.1428571428571429
143,False,DSToken - v0.5.16 abi2 o1 runs200,AddressResolver - v0.5.16 abi2 o1 runs200,DSToken,AddressResolver,0.5632183908045977,0.49425287356321834,0.4252873563218391,0.6747967479674797,0.5967741935483871,0.5806451612903225,0.625,0.5,0.32258064516129037,0.375,0.0,0.5764705882352941,0.49411764705882355,0.388235294117647,0.6363636363636364,0.6557377049180328,0.6451612903225806,0.5625,0.4375,0.360655737704918,0.3125,0.5
144,False,DSToken - v0.5.16 abi2 o1 runs200,WyvernExchange - v0.5.16 abi1 o1 runs200,DSToken,WyvernExchange,0.12888888888888894,0.07259259259259254,0.07111111111111112,0.15953307392996108,0.1606217616580311,0.1606217616580311,0.1649484536082474,0.14432989690721654,0.1476683937823834,0.134020618556701,0.12,0.13385826771653542,0.13385826771653542,0.12755905511811028,0.15734720416124837,0.1584415584415585,0.1606217616580311,0.1649484536082474,0.15463917525773196,0.12727272727272732,0.14432989690721654,0.07999999999999996
145,False,DSToken - v0.5.16 abi2 o1 runs200,CollateralManager - v0.5.16 abi2 o1 runs200,DSToken,CollateralManager,0.29292929292929293,0.2895622895622896,0.26936026936026936,0.283410138248848,0.2857142857142857,0.2844036697247706,0.2909090909090909,0.2909090909090909,0.23963133640552992,0.2545454545454545,0.2142857142857143,0.3035714285714286,0.3035714285714286,0.27142857142857146,0.28009259259259256,0.2777777777777778,0.2870370370370371,0.2962962962962963,0.2777777777777778,0.2314814814814815,0.18518518518518523,0.2857142857142857
146,False,DSToken - v0.5.16 abi2 o1 runs200,AddressResolver - v0.5.16 abi1 o1 runs200,DSToken,AddressResolver,0.5977011494252873,0.5287356321839081,0.367816091954023,0.5853658536585367,0.532258064516129,0.6129032258064516,0.5,0.5,0.3709677419354839,0.25,0.5,0.611764705882353,0.5529411764705883,0.3529411764705882,0.5950413223140496,0.5573770491803278,0.5483870967741935,0.5625,0.4375,0.3278688524590164,0.375,0.25
147,False,AddressResolver - v0.5.16 abi2 o1 runs200,WyvernExchange - v0.5.16 abi1 o1 runs200,AddressResolver,WyvernExchange,0.07851851851851854,0.0637037037037037,0.04888888888888887,0.11673151750972766,0.11658031088082899,0.11917098445595853,0.12371134020618557,0.12371134020618557,0.10362694300518138,0.11340206185567014,0.07999999999999996,0.08031496062992127,0.08031496062992127,0.07874015748031493,0.11443433029908978,0.11428571428571432,0.11398963730569944,0.11340206185567014,0.1030927835051546,0.10129870129870133,0.09278350515463918,0.07999999999999996
148,False,AddressResolver - v0.5.16 abi2 o1 runs200,CollateralManager - v0.5.16 abi2 o1 runs200,AddressResolver,CollateralManager,0.17845117845117842,0.17845117845117842,0.16835016835016836,0.2073732718894009,0.2073732718894009,0.21100917431192656,0.21818181818181814,0.21818181818181814,0.17972350230414746,0.19999999999999996,0.0714285714285714,0.18214285714285716,0.18214285714285716,0.1785714285714286,0.20370370370370372,0.20370370370370372,0.20370370370370372,0.20370370370370372,0.20370370370370372,0.18518518518518523,0.14814814814814814,0.2142857142857143
149,True,AddressResolver - v0.5.16 abi2 o1 runs200,AddressResolver - v0.5.16 abi1 o1 runs200,AddressResolver,AddressResolver,0.8,0.6333333333333333,0.4,0.7,0.6222222222222222,0.4782608695652174,0.5,0.41666666666666663,0.3111111111111111,0.25,0.33333333333333337,0.8,0.5666666666666667,0.43333333333333335,0.6477272727272727,0.6363636363636364,0.6818181818181819,0.5454545454545454,0.5454545454545454,0.36363636363636365,0.2727272727272727,0.33333333333333337
150,False,WyvernExchange - v0.5.16 abi1 o1 runs200,CollateralManager - v0.5.16 abi2 o1 runs200,WyvernExchange,CollateralManager,0.43851851851851853,0.30666666666666664,0.2577777777777778,0.5499351491569391,0.5233160621761659,0.4766839378238342,0.45360824742268047,0.38144329896907214,0.3134715025906736,0.28865979381443296,0.19999999999999996,0.4409448818897638,0.37952755905511815,0.3086614173228347,0.5279583875162549,0.48571428571428577,0.47150259067357514,0.4742268041237113,0.4020618556701031,0.3116883116883117,0.30927835051546393,0.16000000000000003
151,False,WyvernExchange - v0.5.16 abi1 o1 runs200,AddressResolver - v0.5.16 abi1 o1 runs200,WyvernExchange,AddressResolver,0.0888888888888889,0.06666666666666665,0.05777777777777782,0.10116731517509725,0.10103626943005184,0.10362694300518138,0.1030927835051546,0.1030927835051546,0.0984455958549223,0.09278350515463918,0.07999999999999996,0.09448818897637801,0.09448818897637801,0.09133858267716533,0.10013003901170348,0.10129870129870133,0.10362694300518138,0.1030927835051546,0.1030927835051546,0.09870129870129873,0.1030927835051546,0.07999999999999996
152,False,CollateralManager - v0.5.16 abi2 o1 runs200,AddressResolver - v0.5.16 abi1 o1 runs200,CollateralManager,AddressResolver,0.202020202020202,0.202020202020202,0.16835016835016836,0.17972350230414746,0.17972350230414746,0.1834862385321101,0.18181818181818177,0.18181818181818177,0.17050691244239635,0.1636363636363637,0.0714285714285714,0.2142857142857143,0.2142857142857143,0.17500000000000004,0.1782407407407407,0.18055555555555558,0.18518518518518523,0.18518518518518523,0.16666666666666663,0.17592592592592593,0.14814814814814814,0.1428571428571429
