,isInner,id1,id2,group1,group2,raw ppdeep,raw ppdeep_mod,raw byteBag,raw lzjd,raw jump,raw cheat,skeletons ppdeep,skeletons ppdeep_mod,skeletons byteBag,skeletons lzjd,skeletons jump,skeletons cheat,firstSectionSkeletons ppdeep,firstSectionSkeletons ppdeep_mod,firstSectionSkeletons byteBag,firstSectionSkeletons lzjd,firstSectionSkeletons jump,firstSectionSkeletons cheat
0,False,CollateralManagerState - v0.5.16 abi2 o1 runs200,NonfungiblePositionManager - v0.5.16 abi2 o1 runs200,CollateralManagerState,NonfungiblePositionManager,0,0.0,0.15091197140187676,0.06168999481596682,0.03125,1,0,0.0,0.1525506468147425,0.10097232610321616,0.13455657492354745,1,0,0.0,0.15026921194322077,0.10127531882970743,0.13455657492354745,1
1,False,CollateralManagerState - v0.5.16 abi2 o1 runs200,UniswapV2Router02 - v0.5.16 abi1 o1 runs200,CollateralManagerState,UniswapV2Router02,0,0.0,0.21121562090725085,0.0683359415753782,0.038123167155425186,1,0,0.0,0.22278983111965864,0.10676691729323308,0.0943952802359882,1,0,0.0,0.21950925423524448,0.10708898944193061,0.0943952802359882,1
2,False,CollateralManagerState - v0.5.16 abi2 o1 runs200,BinaryOptionMarketManager - v0.5.16 abi2 o1 runs200,CollateralManagerState,BinaryOptionMarketManager,0,0.0,0.27356167450190283,0.11002710027100271,0.046511627906976716,1,0,0.0,0.2806333008178885,0.22259136212624583,0.21999999999999997,1,0,0.0,0.27705301259331877,0.2243536280233528,0.21999999999999997,1
3,False,CollateralManagerState - v0.5.16 abi2 o1 runs200,Synthetix - v0.5.16 abi2 o1 runs200,CollateralManagerState,Synthetix,0,0.0,0.20932455992351387,0.07676130389064142,0.04029304029304026,1,0,0.0,0.20966471647164717,0.16732751784298175,0.16535433070866146,1,0,0.0,0.2067193675889328,0.16785998408910102,0.16535433070866146,1
4,False,CollateralManagerState - v0.5.16 abi2 o1 runs200,DSToken - v0.5.16 abi1 o1 runs200,CollateralManagerState,DSToken,0,52.94117647058823,0.5886906041711459,0.20187793427230047,0.03191489361702127,1,74,80.64516129032258,0.6751303559283609,0.2646048109965636,0.26595744680851063,1,74,79.6875,0.6734177215189874,0.2633390705679862,0.26595744680851063,1
5,False,CollateralManagerState - v0.5.16 abi2 o1 runs200,MainchainGatewayProxy - v0.5.16 abi1 o1 runs200,CollateralManagerState,MainchainGatewayProxy,0,51.5625,0.40770998212918047,0.29545454545454547,0.02898550724637683,1,0,0.0,0.42738804038312195,0.38917975567190227,0.265625,1,0,0.0,0.42112193837239925,0.38704028021015763,0.265625,1
6,False,CollateralManagerState - v0.5.16 abi2 o1 runs200,AggregationRouterV3 - v0.5.16 abi2 o1 runs200,CollateralManagerState,AggregationRouterV3,0,29.032258064516128,0.3284856445862263,0.11243889190657251,0.04878048780487809,1,49,47.19101123595506,0.3466806163210957,0.20458265139116202,0.07547169811320753,1,50,48.35164835164835,0.34255359877488517,0.20525451559934318,0.07547169811320753,1
7,False,CollateralManagerState - v0.5.16 abi2 o1 runs200,UniswapV2Router02 - v0.5.16 abi2 o1 runs200,CollateralManagerState,UniswapV2Router02,0,0.0,0.22117790662191028,0.08188061278394083,0.04895104895104896,1,0,0.0,0.22739541160593793,0.14552529182879378,0.09473684210526312,1,0,0.0,0.22425474254742547,0.14330218068535824,0.09473684210526312,1
8,True,CollateralManagerState - v0.5.16 abi2 o1 runs200,CollateralManagerState - v0.5.16 abi1 o1 runs200,CollateralManagerState,CollateralManagerState,0,55.0,0.6893117946448329,0.3420707732634338,0.15476190476190477,2,97,96.7741935483871,0.7589861751152074,0.4153846153846154,0.48750000000000004,2,96,95.3125,0.7585400093589144,0.4142581888246628,0.48750000000000004,2
9,False,CollateralManagerState - v0.5.16 abi2 o1 runs200,MainchainGatewayProxy - v0.5.16 abi2 o1 runs200,CollateralManagerState,MainchainGatewayProxy,0,43.85964912280702,0.45992414664981035,0.30685203574975173,0.05797101449275366,1,47,46.666666666666664,0.5079655262470619,0.4721311475409836,0.296875,1,47,46.73913043478261,0.49933563646027107,0.4695222405271829,0.296875,1
10,False,CollateralManagerState - v0.5.16 abi2 o1 runs200,BinaryOptionMarketManager - v0.5.16 abi1 o1 runs200,CollateralManagerState,BinaryOptionMarketManager,0,25.31645569620254,0.2976580412708811,0.10344827586206896,0.03913043478260869,1,71,64.8936170212766,0.3091284593143329,0.17011128775834658,0.17982456140350878,1,71,64.58333333333334,0.3049863104621256,0.17158818834796488,0.17982456140350878,1
11,False,CollateralManagerState - v0.5.16 abi2 o1 runs200,CollateralManager - v0.5.16 abi1 o1 runs200,CollateralManagerState,CollateralManager,0,0.0,0.25929328621908126,0.09226666666666666,0.03342618384401119,1,0,0.0,0.26600355239786855,0.15450980392156863,0.1253561253561254,1,0,0.0,0.2622833915709905,0.15499606608969316,0.12250712250712248,1
12,False,CollateralManagerState - v0.5.16 abi2 o1 runs200,DSToken - v0.5.16 abi2 o1 runs200,CollateralManagerState,DSToken,0,49.29577464788732,0.6659426585577759,0.22195704057279236,0.03448275862068961,1,74,80.64516129032258,0.7882956400093262,0.3309222423146474,0.2823529411764706,1,74,79.6875,0.7849869760833531,0.32850678733031674,0.2823529411764706,1
13,False,CollateralManagerState - v0.5.16 abi2 o1 runs200,AddressResolver - v0.5.16 abi2 o1 runs200,CollateralManagerState,AddressResolver,0,50.0,0.6091086215294691,0.291157440690151,0.04347826086956519,1,58,61.702127659574465,0.689769820971867,0.43157894736842106,0.21875,1,58,61.458333333333336,0.6844432882414152,0.4295774647887324,0.21875,1
14,False,CollateralManagerState - v0.5.16 abi2 o1 runs200,WyvernExchange - v0.5.16 abi1 o1 runs200,CollateralManagerState,WyvernExchange,0,0.0,0.14306986477784933,0.05079527963057978,0.034074074074074034,1,0,0.0,0.14959323268709274,0.07523739956172389,0.06771653543307088,1,0,0.0,0.147231798823768,0.07624633431085044,0.06614173228346454,1
15,False,CollateralManagerState - v0.5.16 abi2 o1 runs200,CollateralManager - v0.5.16 abi2 o1 runs200,CollateralManagerState,CollateralManager,0,0.0,0.26648943813766346,0.09930220075147611,0.043771043771043794,1,0,0.0,0.26995677233429394,0.20655737704918034,0.15714285714285714,1,0,0.0,0.266468799768351,0.20723684210526316,0.15714285714285714,1
16,False,CollateralManagerState - v0.5.16 abi2 o1 runs200,AddressResolver - v0.5.16 abi1 o1 runs200,CollateralManagerState,AddressResolver,0,50.0,0.5494668980907513,0.28888888888888886,0.02898550724637683,1,40,43.956043956043956,0.5642052565707134,0.2958715596330275,0.203125,1,40,43.47826086956522,0.5604479511326037,0.29344073647871116,0.203125,1
17,False,NonfungiblePositionManager - v0.5.16 abi2 o1 runs200,UniswapV2Router02 - v0.5.16 abi1 o1 runs200,NonfungiblePositionManager,UniswapV2Router02,0,53.333333333333336,0.629204590423427,0.10882512181916622,0.025568181818181768,1,0,44.85981308411215,0.6119812059514487,0.14349525404801786,0.10619469026548678,1,0,44.85981308411215,0.6115254769568972,0.14349525404801786,0.10619469026548678,1
18,False,NonfungiblePositionManager - v0.5.16 abi2 o1 runs200,BinaryOptionMarketManager - v0.5.16 abi2 o1 runs200,NonfungiblePositionManager,BinaryOptionMarketManager,0,46.2962962962963,0.5055827075138077,0.1403118040089087,0.045454545454545414,1,0,57.142857142857146,0.5392833929151771,0.2256134051466188,0.21100917431192656,1,0,57.5,0.5380448065173116,0.2256134051466188,0.21100917431192656,1
19,False,NonfungiblePositionManager - v0.5.16 abi2 o1 runs200,Synthetix - v0.5.16 abi2 o1 runs200,NonfungiblePositionManager,Synthetix,0,44.329896907216494,0.6314126035845057,0.16695156695156696,0.048295454545454586,1,0,54.76190476190476,0.7046031170714027,0.2603076923076923,0.21406727828746175,1,0,55.118110236220474,0.7038158691701999,0.2603076923076923,0.21406727828746175,1
20,False,NonfungiblePositionManager - v0.5.16 abi2 o1 runs200,DSToken - v0.5.16 abi1 o1 runs200,NonfungiblePositionManager,DSToken,0,0.0,0.14752298055804117,0.05567010309278351,0.03409090909090906,1,0,0.0,0.14710306972961984,0.08717948717948718,0.11620795107033643,1,0,0.0,0.14537893921480696,0.08743570903747244,0.11620795107033643,1
21,False,NonfungiblePositionManager - v0.5.16 abi2 o1 runs200,MainchainGatewayProxy - v0.5.16 abi1 o1 runs200,NonfungiblePositionManager,MainchainGatewayProxy,0,0.0,0.07160875579786802,0.06741573033707865,0.03693181818181823,1,0,0.0,0.07126006670462864,0.10863509749303621,0.08562691131498468,1,0,0.0,0.06933115823817292,0.1092436974789916,0.08562691131498468,1
22,False,NonfungiblePositionManager - v0.5.16 abi2 o1 runs200,AggregationRouterV3 - v0.5.16 abi2 o1 runs200,NonfungiblePositionManager,AggregationRouterV3,0,37.5,0.406804198335143,0.1271326362135388,0.051136363636363646,1,0,31.707317073170728,0.4212643211180629,0.1817657241777265,0.1009174311926605,1,0,31.325301204819283,0.419708326543914,0.1817657241777265,0.1009174311926605,1
23,False,NonfungiblePositionManager - v0.5.16 abi2 o1 runs200,UniswapV2Router02 - v0.5.16 abi2 o1 runs200,NonfungiblePositionManager,UniswapV2Router02,0,50.0,0.6188154138915318,0.1544532130777903,0.045454545454545414,1,0,54.76190476190476,0.6417256352524927,0.257985257985258,0.14984709480122327,1,0,54.330708661417326,0.6407723937756994,0.2572130141190915,0.14984709480122327,1
24,False,NonfungiblePositionManager - v0.5.16 abi2 o1 runs200,CollateralManagerState - v0.5.16 abi1 o1 runs200,NonfungiblePositionManager,CollateralManagerState,0,0.0,0.15715854104826577,0.05458290422245108,0.045454545454545414,1,0,0.0,0.15682926829268293,0.07505070993914807,0.12844036697247707,1,0,0.0,0.15513165403114046,0.07535641547861507,0.12538226299694188,1
25,False,NonfungiblePositionManager - v0.5.16 abi2 o1 runs200,MainchainGatewayProxy - v0.5.16 abi2 o1 runs200,NonfungiblePositionManager,MainchainGatewayProxy,0,0.0,0.08157124268054652,0.06472491909385113,0.025568181818181768,1,0,0.0,0.08201122772760557,0.11830635118306351,0.08256880733944949,1,0,0.0,0.07953989231522271,0.1191969887076537,0.07951070336391441,1
26,False,NonfungiblePositionManager - v0.5.16 abi2 o1 runs200,BinaryOptionMarketManager - v0.5.16 abi1 o1 runs200,NonfungiblePositionManager,BinaryOptionMarketManager,0,42.69662921348315,0.47557540640592305,0.12035010940919037,0.051136363636363646,1,0,31.395348837209298,0.48483621492488965,0.14991577765300393,0.1865443425076453,1,0,32.183908045977006,0.484024197149933,0.14927048260381592,0.1865443425076453,1
27,False,NonfungiblePositionManager - v0.5.16 abi2 o1 runs200,CollateralManager - v0.5.16 abi1 o1 runs200,NonfungiblePositionManager,CollateralManager,0,53.125,0.543559017375674,0.12403951701427003,0.01671309192200554,1,0,40.816326530612244,0.5486314270829159,0.14991577765300393,0.15954415954415957,1,0,40.816326530612244,0.5479969461968096,0.14991577765300393,0.15954415954415957,1
28,False,NonfungiblePositionManager - v0.5.16 abi2 o1 runs200,DSToken - v0.5.16 abi2 o1 runs200,NonfungiblePositionManager,DSToken,0,0.0,0.15758683729433273,0.06224066390041494,0.03693181818181823,1,0,0.0,0.1587637250915006,0.11316725978647686,0.1406727828746177,1,0,0.0,0.15649975534170607,0.11365260900643316,0.13761467889908252,1
29,False,NonfungiblePositionManager - v0.5.16 abi2 o1 runs200,AddressResolver - v0.5.16 abi2 o1 runs200,NonfungiblePositionManager,AddressResolver,0,0.0,0.11539869068434107,0.061465721040189124,0.03693181818181823,1,0,0.0,0.11594320816891095,0.11577028258887875,0.07951070336391441,1,0,0.0,0.11356312461758107,0.11640696608615948,0.07951070336391441,1
30,False,NonfungiblePositionManager - v0.5.16 abi2 o1 runs200,WyvernExchange - v0.5.16 abi1 o1 runs200,NonfungiblePositionManager,WyvernExchange,0,47.142857142857146,0.6076222200450672,0.10404312668463613,0.059259259259259234,1,0,50.79365079365079,0.6482070512605886,0.13904338153503892,0.10393700787401572,1,0,50.39370078740158,0.647897721552968,0.13904338153503892,0.10393700787401572,1
31,False,NonfungiblePositionManager - v0.5.16 abi2 o1 runs200,CollateralManager - v0.5.16 abi2 o1 runs200,NonfungiblePositionManager,CollateralManager,0,48.113207547169814,0.5283198855280417,0.14991577765300393,0.03977272727272729,1,0,57.142857142857146,0.5552095130237825,0.2197736748064324,0.19266055045871555,1,0,57.48031496062992,0.5540189796414957,0.2197736748064324,0.19266055045871555,1
32,False,NonfungiblePositionManager - v0.5.16 abi2 o1 runs200,AddressResolver - v0.5.16 abi1 o1 runs200,NonfungiblePositionManager,AddressResolver,0,0.0,0.10137911394979862,0.058823529411764705,0.03977272727272729,1,0,0.0,0.10119991864958308,0.09178743961352658,0.06727828746177367,1,0,0.0,0.09935152330845466,0.0923226433430515,0.06727828746177367,1
33,False,UniswapV2Router02 - v0.5.16 abi1 o1 runs200,BinaryOptionMarketManager - v0.5.16 abi2 o1 runs200,UniswapV2Router02,BinaryOptionMarketManager,0,50.0,0.5554457505461354,0.1590265987549519,0.05278592375366564,1,0,49.0,0.6077092629428525,0.17095483133218983,0.12389380530973448,1,0,48.51485148514851,0.6070677097383329,0.17095483133218983,0.12389380530973448,1
34,False,UniswapV2Router02 - v0.5.16 abi1 o1 runs200,Synthetix - v0.5.16 abi2 o1 runs200,UniswapV2Router02,Synthetix,0,45.65217391304348,0.615666901905434,0.1403118040089087,0.04985337243401755,1,0,45.794392523364486,0.629156980881446,0.19069767441860466,0.12979351032448383,1,0,45.370370370370374,0.6286584495312426,0.19069767441860466,0.12979351032448383,1
35,False,UniswapV2Router02 - v0.5.16 abi1 o1 runs200,DSToken - v0.5.16 abi1 o1 runs200,UniswapV2Router02,DSToken,0,0.0,0.211778097292116,0.07619548081975827,0.04985337243401755,1,0,0.0,0.21629585087191822,0.12084592145015106,0.14749262536873153,1,0,0.0,0.2138376161177464,0.12036336109008328,0.14749262536873153,1
36,False,UniswapV2Router02 - v0.5.16 abi1 o1 runs200,MainchainGatewayProxy - v0.5.16 abi1 o1 runs200,UniswapV2Router02,MainchainGatewayProxy,0,0.0,0.10421179302045729,0.09300095877277086,0.029325513196480912,1,0,0.0,0.10560877161274776,0.1723122238586156,0.09734513274336287,1,0,0.0,0.10279809028826978,0.17159763313609466,0.09734513274336287,1
37,False,UniswapV2Router02 - v0.5.16 abi1 o1 runs200,AggregationRouterV3 - v0.5.16 abi2 o1 runs200,UniswapV2Router02,AggregationRouterV3,0,33.33333333333333,0.5097304552063527,0.1441340782122905,0.04105571847507328,1,0,38.095238095238095,0.5817318959456292,0.13904338153503892,0.07374631268436582,1,0,39.0625,0.5796309355900329,0.13904338153503892,0.07374631268436582,1
38,True,UniswapV2Router02 - v0.5.16 abi1 o1 runs200,UniswapV2Router02 - v0.5.16 abi2 o1 runs200,UniswapV2Router02,UniswapV2Router02,0,50.0,0.7069583744738347,0.257985257985258,0.061583577712609916,2,0,46.728971962616825,0.7270624112729376,0.2744243932794026,0.31858407079646023,2,0,47.22222222222222,0.7268506305070438,0.2720496894409938,0.31858407079646023,2
39,False,UniswapV2Router02 - v0.5.16 abi1 o1 runs200,CollateralManagerState - v0.5.16 abi1 o1 runs200,UniswapV2Router02,CollateralManagerState,0,0.0,0.22755891347364635,0.08589607635206786,0.04398826979472137,1,0,0.0,0.23132443161313604,0.1381531853972799,0.10029498525073743,1,0,0.0,0.22891275491734042,0.1387491013659238,0.10029498525073743,1
40,False,UniswapV2Router02 - v0.5.16 abi1 o1 runs200,MainchainGatewayProxy - v0.5.16 abi2 o1 runs200,UniswapV2Router02,MainchainGatewayProxy,0,0.0,0.11696573246114145,0.08670520231213873,0.029325513196480912,1,0,0.0,0.12120481927710844,0.14104193138500634,0.08259587020648973,1,0,0.0,0.11759729272419628,0.14066496163682865,0.08259587020648973,1
41,False,UniswapV2Router02 - v0.5.16 abi1 o1 runs200,BinaryOptionMarketManager - v0.5.16 abi1 o1 runs200,UniswapV2Router02,BinaryOptionMarketManager,0,40.625,0.6282567974115911,0.20541494997057091,0.04985337243401755,1,0,40.298507462686565,0.7071356305421651,0.271260086902545,0.17404129793510326,1,0,41.1764705882353,0.7062264939406603,0.2720496894409938,0.17404129793510326,1
42,False,UniswapV2Router02 - v0.5.16 abi1 o1 runs200,CollateralManager - v0.5.16 abi1 o1 runs200,UniswapV2Router02,CollateralManager,0,51.61290322580645,0.7235621521335807,0.22122838401908168,0.02228412256267409,1,0,52.38095238095238,0.79144510021621,0.2904851921865154,0.1367521367521367,1,0,52.38095238095238,0.7908094484496806,0.28886091881686593,0.1367521367521367,1
43,False,UniswapV2Router02 - v0.5.16 abi1 o1 runs200,DSToken - v0.5.16 abi2 o1 runs200,UniswapV2Router02,DSToken,0,0.0,0.2231897888584039,0.07506561679790026,0.04398826979472137,1,0,0.0,0.23245192307692308,0.10530035335689046,0.11209439528023601,1,0,0.0,0.22920183265010852,0.10574875798438609,0.11209439528023601,1
44,False,UniswapV2Router02 - v0.5.16 abi1 o1 runs200,AddressResolver - v0.5.16 abi2 o1 runs200,UniswapV2Router02,AddressResolver,0,0.0,0.16430153883001017,0.07932692307692307,0.032258064516129004,1,0,0.0,0.1703984591308535,0.12087912087912088,0.05604719764011801,1,0,0.0,0.1669484361792054,0.12154696132596685,0.05604719764011801,1
45,False,UniswapV2Router02 - v0.5.16 abi1 o1 runs200,WyvernExchange - v0.5.16 abi1 o1 runs200,UniswapV2Router02,WyvernExchange,0,43.93939393939394,0.5892485549132948,0.11790393013100436,0.051851851851851816,1,0,47.36842105263158,0.6240450500118138,0.16165626772546796,0.12755905511811028,1,0,48.717948717948715,0.6232736169205272,0.16165626772546796,0.12755905511811028,1
46,False,UniswapV2Router02 - v0.5.16 abi1 o1 runs200,CollateralManager - v0.5.16 abi2 o1 runs200,UniswapV2Router02,CollateralManager,0,50.442477876106196,0.5944418276024493,0.1729667812142039,0.035190615835777095,1,0,47.66355140186916,0.6565167745092708,0.1817657241777265,0.11209439528023601,1,0,47.22222222222222,0.6560436562073669,0.1817657241777265,0.11209439528023601,1
47,False,UniswapV2Router02 - v0.5.16 abi1 o1 runs200,AddressResolver - v0.5.16 abi1 o1 runs200,UniswapV2Router02,AddressResolver,0,0.0,0.1485047235092364,0.10126582278481013,0.04105571847507328,1,0,0.0,0.14968076135405373,0.16977225672877846,0.08849557522123896,1,0,0.0,0.14700906344410877,0.17083333333333334,0.08849557522123896,1
48,False,BinaryOptionMarketManager - v0.5.16 abi2 o1 runs200,Synthetix - v0.5.16 abi2 o1 runs200,BinaryOptionMarketManager,Synthetix,0,46.57534246575342,0.6830299089726918,0.2025836758661186,0.05128205128205132,1,0,57.142857142857146,0.739875651151067,0.36260811709913504,0.2834645669291339,1,0,57.02479338842975,0.7389104402091415,0.36260811709913504,0.2834645669291339,1
49,False,BinaryOptionMarketManager - v0.5.16 abi2 o1 runs200,DSToken - v0.5.16 abi1 o1 runs200,BinaryOptionMarketManager,DSToken,0,0.0,0.268467929047227,0.08878256246677299,0.046511627906976716,1,0,0.0,0.26477611940298507,0.15306915306915306,0.15500000000000003,1,0,0.0,0.26218689065546724,0.1526479750778816,0.15500000000000003,1
50,False,BinaryOptionMarketManager - v0.5.16 abi2 o1 runs200,MainchainGatewayProxy - v0.5.16 abi1 o1 runs200,BinaryOptionMarketManager,MainchainGatewayProxy,0,0.0,0.13135179764317345,0.1220472440944882,0.041860465116279055,1,0,0.0,0.13050326258156453,0.2115677321156773,0.09999999999999998,1,0,0.0,0.127232984095877,0.21286370597243492,0.09999999999999998,1
51,False,BinaryOptionMarketManager - v0.5.16 abi2 o1 runs200,AggregationRouterV3 - v0.5.16 abi2 o1 runs200,BinaryOptionMarketManager,AggregationRouterV3,0,42.857142857142854,0.7220649096057504,0.21543026706231455,0.041860465116279055,1,0,29.33333333333333,0.7480837264150944,0.30862619808306707,0.11499999999999999,1,0,29.870129870129873,0.7468523181750851,0.30779054916985954,0.11499999999999999,1
52,False,BinaryOptionMarketManager - v0.5.16 abi2 o1 runs200,UniswapV2Router02 - v0.5.16 abi2 o1 runs200,BinaryOptionMarketManager,UniswapV2Router02,0,44.0,0.6753357130715621,0.2061248527679623,0.04195804195804198,1,0,51.260504201680675,0.7905892327257312,0.31450577663671375,0.1578947368421053,1,0,51.239669421487605,0.7897488903751444,0.3103007037747921,0.1578947368421053,1
53,False,BinaryOptionMarketManager - v0.5.16 abi2 o1 runs200,CollateralManagerState - v0.5.16 abi1 o1 runs200,BinaryOptionMarketManager,CollateralManagerState,0,0.0,0.28834769576620456,0.09871244635193133,0.06511627906976747,1,0,0.0,0.28651601316970965,0.15300942712110224,0.22499999999999998,1,0,0.0,0.284027673334336,0.15451895043731778,0.22499999999999998,1
54,False,BinaryOptionMarketManager - v0.5.16 abi2 o1 runs200,MainchainGatewayProxy - v0.5.16 abi2 o1 runs200,BinaryOptionMarketManager,MainchainGatewayProxy,0,0.0,0.14896965155488948,0.11904761904761904,0.041860465116279055,1,0,0.0,0.1503488633805987,0.22343324250681199,0.10499999999999998,1,0,0.0,0.146120787152228,0.22527472527472528,0.09999999999999998,1
55,True,BinaryOptionMarketManager - v0.5.16 abi2 o1 runs200,BinaryOptionMarketManager - v0.5.16 abi1 o1 runs200,BinaryOptionMarketManager,BinaryOptionMarketManager,0,52.30769230769231,0.7499655599944896,0.26889714993804215,0.05652173913043479,2,0,34.17721518987342,0.7713170187547933,0.30779054916985954,0.368421052631579,2,0,34.5679012345679,0.7712404566785739,0.30779054916985954,0.368421052631579,2
56,False,BinaryOptionMarketManager - v0.5.16 abi2 o1 runs200,CollateralManager - v0.5.16 abi1 o1 runs200,BinaryOptionMarketManager,CollateralManager,0,46.2962962962963,0.6852148221100579,0.20329024676850763,0.058495821727019504,1,0,41.75824175824176,0.730047393364929,0.24650030432136336,0.19943019943019946,1,0,41.30434782608695,0.7298051906846881,0.24650030432136336,0.19943019943019946,1
57,False,BinaryOptionMarketManager - v0.5.16 abi2 o1 runs200,DSToken - v0.5.16 abi2 o1 runs200,BinaryOptionMarketManager,DSToken,0,0.0,0.2853625783348254,0.10404312668463613,0.06511627906976747,1,0,0.0,0.28843852826802274,0.19480519480519481,0.16000000000000003,1,0,0.0,0.2849090635803397,0.19478527607361965,0.16000000000000003,1
58,False,BinaryOptionMarketManager - v0.5.16 abi2 o1 runs200,AddressResolver - v0.5.16 abi2 o1 runs200,BinaryOptionMarketManager,AddressResolver,0,0.0,0.2116624194273722,0.11483550589695841,0.05581395348837215,1,0,0.0,0.21411941419451747,0.23138832997987926,0.14,1,0,0.0,0.21020454373915012,0.23404255319148937,0.14,1
59,False,BinaryOptionMarketManager - v0.5.16 abi2 o1 runs200,WyvernExchange - v0.5.16 abi1 o1 runs200,BinaryOptionMarketManager,WyvernExchange,0,38.333333333333336,0.4148559502068503,0.09460181721004811,0.04296296296296298,1,0,48.739495798319325,0.5036241929734225,0.10166756320602474,0.08346456692913384,1,0,48.760330578512395,0.502044056360389,0.10226049515608181,0.08346456692913384,1
60,False,BinaryOptionMarketManager - v0.5.16 abi2 o1 runs200,CollateralManager - v0.5.16 abi2 o1 runs200,BinaryOptionMarketManager,CollateralManager,0,51.16279069767442,0.8062587203508073,0.23373493975903614,0.05387205387205385,1,0,60.50420168067227,0.8862138347325331,0.4182825484764543,0.2857142857142857,1,0,60.33057851239669,0.8856903882344741,0.4182825484764543,0.2857142857142857,1
61,False,BinaryOptionMarketManager - v0.5.16 abi2 o1 runs200,AddressResolver - v0.5.16 abi1 o1 runs200,BinaryOptionMarketManager,AddressResolver,0,0.0,0.18678678678678678,0.1074964639321075,0.041860465116279055,1,0,0.0,0.1853629274145171,0.17954070981210857,0.09999999999999998,1,0,0.0,0.18236623963828183,0.18067226890756302,0.09999999999999998,1
62,False,Synthetix - v0.5.16 abi2 o1 runs200,DSToken - v0.5.16 abi1 o1 runs200,Synthetix,DSToken,0,0.0,0.20297029702970298,0.06279190451478983,0.04761904761904767,1,0,0.0,0.19818456883509833,0.11411411411411411,0.13385826771653542,1,0,0.0,0.19599572577470334,0.1144578313253012,0.13779527559055116,1
63,False,Synthetix - v0.5.16 abi2 o1 runs200,MainchainGatewayProxy - v0.5.16 abi1 o1 runs200,Synthetix,MainchainGatewayProxy,0,0.0,0.09891285979834394,0.08674928503336511,0.04395604395604391,1,0,0.0,0.09761449307977946,0.1757754800590842,0.08661417322834641,1,0,0.0,0.095041789021911,0.17507418397626112,0.08661417322834641,1
64,False,Synthetix - v0.5.16 abi2 o1 runs200,AggregationRouterV3 - v0.5.16 abi2 o1 runs200,Synthetix,AggregationRouterV3,0,41.26984126984127,0.5528957528957529,0.16828294352538506,0.04029304029304026,1,0,28.048780487804876,0.5746085011185682,0.23746223564954683,0.09055118110236215,1,0,28.57142857142857,0.5730324463904793,0.23746223564954683,0.09055118110236215,1
65,False,Synthetix - v0.5.16 abi2 o1 runs200,UniswapV2Router02 - v0.5.16 abi2 o1 runs200,Synthetix,UniswapV2Router02,0,48.86363636363637,0.7323348107392124,0.19416909620991255,0.020979020979020935,1,0,51.58730158730159,0.7978217193613196,0.36624416277518346,0.13684210526315788,1,0,51.5625,0.7971137521222411,0.3617021276595745,0.13684210526315788,1
66,False,Synthetix - v0.5.16 abi2 o1 runs200,CollateralManagerState - v0.5.16 abi1 o1 runs200,Synthetix,CollateralManagerState,0,0.0,0.218123451227754,0.06777893639207508,0.04761904761904767,1,0,0.0,0.21374859708193042,0.11971830985915492,0.17716535433070868,1,0,0.0,0.21161428410499042,0.12022630834512023,0.17716535433070868,1
67,False,Synthetix - v0.5.16 abi2 o1 runs200,MainchainGatewayProxy - v0.5.16 abi2 o1 runs200,Synthetix,MainchainGatewayProxy,0,0.0,0.11330742805654108,0.08134757600657354,0.03296703296703296,1,0,0.0,0.11261819000450247,0.18626155878467635,0.08267716535433067,1,0,0.0,0.10930968252174895,0.18617021276595744,0.07874015748031493,1
68,False,Synthetix - v0.5.16 abi2 o1 runs200,BinaryOptionMarketManager - v0.5.16 abi1 o1 runs200,Synthetix,BinaryOptionMarketManager,0,48.611111111111114,0.6342825848849946,0.1590265987549519,0.04395604395604391,1,0,30.232558139534888,0.6543962745315445,0.21759809750297265,0.22047244094488194,1,0,30.681818181818187,0.6539060761184065,0.2183224271267103,0.22047244094488194,1
69,False,Synthetix - v0.5.16 abi2 o1 runs200,CollateralManager - v0.5.16 abi1 o1 runs200,Synthetix,CollateralManager,0,46.0,0.6723086627417998,0.1689497716894977,0.0473537604456824,1,0,39.795918367346935,0.6916041899292816,0.244228432563791,0.19373219373219375,1,0,39.39393939393939,0.6912651406008218,0.244228432563791,0.19373219373219375,1
70,False,Synthetix - v0.5.16 abi2 o1 runs200,DSToken - v0.5.16 abi2 o1 runs200,Synthetix,DSToken,0,0.0,0.2157005779698109,0.07563025210084033,0.04395604395604391,1,0,0.0,0.2158370278915764,0.1457875457875458,0.14566929133858264,1,0,0.0,0.21292175970258548,0.14643119941133187,0.14566929133858264,1
71,False,Synthetix - v0.5.16 abi2 o1 runs200,AddressResolver - v0.5.16 abi2 o1 runs200,Synthetix,AddressResolver,0,0.0,0.16021850537816074,0.07997594708358388,0.05128205128205132,1,0,0.0,0.16002252252252253,0.17579250720461095,0.08661417322834641,1,0,0.0,0.15688934101955465,0.17681159420289855,0.08661417322834641,1
72,False,Synthetix - v0.5.16 abi2 o1 runs200,WyvernExchange - v0.5.16 abi1 o1 runs200,Synthetix,WyvernExchange,0,37.5,0.49000175716042876,0.104638619201726,0.053333333333333344,1,0,50.0,0.5912178645149184,0.11304347826086956,0.09133858267716533,1,0,50.0,0.5907295233078746,0.11364872213159326,0.09133858267716533,1
73,False,Synthetix - v0.5.16 abi2 o1 runs200,CollateralManager - v0.5.16 abi2 o1 runs200,Synthetix,CollateralManager,0,48.717948717948715,0.6919208132691279,0.21904761904761905,0.0505050505050505,1,0,63.492063492063494,0.7467823012760316,0.37541974479516454,0.25357142857142856,1,0,63.28125,0.7458557409768809,0.37541974479516454,0.25357142857142856,1
74,False,Synthetix - v0.5.16 abi2 o1 runs200,AddressResolver - v0.5.16 abi1 o1 runs200,Synthetix,AddressResolver,0,0.0,0.14057129979153754,0.07260273972602739,0.04395604395604391,1,0,0.0,0.13903111461205198,0.1414141414141414,0.07874015748031493,1,0,0.0,0.13661263906929463,0.14227642276422764,0.07874015748031493,1
75,False,DSToken - v0.5.16 abi1 o1 runs200,MainchainGatewayProxy - v0.5.16 abi1 o1 runs200,DSToken,MainchainGatewayProxy,0,48.484848484848484,0.4444444444444444,0.40567200986436497,0.03191489361702127,1,0,0.0,0.4805159165751921,0.5638506876227898,0.3191489361702128,1,0,0.0,0.47299554565701557,0.5621301775147929,0.3191489361702128,1
76,False,DSToken - v0.5.16 abi1 o1 runs200,AggregationRouterV3 - v0.5.16 abi2 o1 runs200,DSToken,AggregationRouterV3,0,35.82089552238806,0.3334599677082344,0.09577314071696094,0.04878048780487809,1,44,44.943820224719104,0.33485453508271534,0.16483516483516483,0.08805031446540879,1,44,45.05494505494506,0.3319938767699962,0.16535433070866143,0.09433962264150941,1
77,False,DSToken - v0.5.16 abi1 o1 runs200,UniswapV2Router02 - v0.5.16 abi2 o1 runs200,DSToken,UniswapV2Router02,0,0.0,0.22002085505735142,0.07563025210084033,0.05594405594405594,1,0,0.0,0.21696035242290748,0.1099476439790576,0.1228070175438597,1,0,0.0,0.21464553384936724,0.10944527736131934,0.1228070175438597,1
78,False,DSToken - v0.5.16 abi1 o1 runs200,CollateralManagerState - v0.5.16 abi1 o1 runs200,DSToken,CollateralManagerState,0,46.774193548387096,0.7006109979633401,0.2183224271267103,0.021276595744680882,1,74,80.64516129032258,0.7909914204003813,0.32737030411449014,0.24468085106382975,1,74,79.6875,0.7883687258687259,0.32616487455197135,0.24468085106382975,1
79,False,DSToken - v0.5.16 abi1 o1 runs200,MainchainGatewayProxy - v0.5.16 abi2 o1 runs200,DSToken,MainchainGatewayProxy,0,45.76271186440678,0.47573068893528186,0.32795156407669024,0.05319148936170215,1,58,52.4390243902439,0.5510148107515085,0.484297520661157,0.25531914893617025,1,58,52.38095238095238,0.5406232609905398,0.48172757475083056,0.25531914893617025,1
80,False,DSToken - v0.5.16 abi1 o1 runs200,BinaryOptionMarketManager - v0.5.16 abi1 o1 runs200,DSToken,BinaryOptionMarketManager,0,30.95238095238095,0.2951251646903821,0.09635974304068523,0.05652173913043479,1,57,58.51063829787234,0.2952318208021082,0.16758457907159716,0.16666666666666663,1,57,58.333333333333336,0.2922008105202217,0.16903633491311215,0.16666666666666663,1
81,False,DSToken - v0.5.16 abi1 o1 runs200,CollateralManager - v0.5.16 abi1 o1 runs200,DSToken,CollateralManager,0,0.0,0.25478519778817527,0.08589607635206786,0.03899721448467963,1,0,0.0,0.25345230507754407,0.14153846153846153,0.1253561253561254,1,0,0.0,0.25069301300732105,0.14285714285714285,0.1253561253561254,1
82,True,DSToken - v0.5.16 abi1 o1 runs200,DSToken - v0.5.16 abi2 o1 runs200,DSToken,DSToken,0,52.054794520547944,0.7426725132702515,0.3255663430420712,0.06382978723404253,2,90,90.3225806451613,0.8090560613320555,0.4810379241516966,0.44680851063829785,2,88,89.0625,0.8093962999026291,0.48,0.44680851063829785,2
83,False,DSToken - v0.5.16 abi1 o1 runs200,AddressResolver - v0.5.16 abi2 o1 runs200,DSToken,AddressResolver,0,50.0,0.5801266439357039,0.23606331727460428,0.021276595744680882,1,50,51.16279069767442,0.7164021164021164,0.31049250535331907,0.15957446808510634,1,50,51.13636363636363,0.7086909871244635,0.3096774193548387,0.15957446808510634,1
84,False,DSToken - v0.5.16 abi1 o1 runs200,WyvernExchange - v0.5.16 abi1 o1 runs200,DSToken,WyvernExchange,0,0.0,0.14588988372564113,0.05512622359608449,0.03703703703703709,1,0,0.0,0.14598273975932904,0.09037472446730345,0.08818897637795275,1,0,0.0,0.14417962564456535,0.09144542772861357,0.08661417322834641,1
85,False,DSToken - v0.5.16 abi1 o1 runs200,CollateralManager - v0.5.16 abi2 o1 runs200,DSToken,CollateralManager,0,0.0,0.26065668202764974,0.07959936742224565,0.047138047138047146,1,0,0.0,0.2563145809414466,0.13803680981595093,0.12857142857142856,1,0,0.0,0.25378514780100936,0.13846153846153847,0.12857142857142856,1
86,False,DSToken - v0.5.16 abi1 o1 runs200,AddressResolver - v0.5.16 abi1 o1 runs200,DSToken,AddressResolver,0,50.0,0.5786762812258563,0.2783673469387755,0.03191489361702127,1,49,49.397590361445786,0.6346666666666667,0.3565426170468187,0.17021276595744683,1,49,50.0,0.6295294753921038,0.3558504221954162,0.17021276595744683,1
87,False,MainchainGatewayProxy - v0.5.16 abi1 o1 runs200,AggregationRouterV3 - v0.5.16 abi2 o1 runs200,MainchainGatewayProxy,AggregationRouterV3,0,0.0,0.16355810616929697,0.12871287128712872,0.054878048780487854,1,0,0.0,0.1648951450732548,0.2379471228615863,0.10691823899371067,1,0,0.0,0.16093283222511323,0.2375,0.10691823899371067,1
88,False,MainchainGatewayProxy - v0.5.16 abi1 o1 runs200,UniswapV2Router02 - v0.5.16 abi2 o1 runs200,MainchainGatewayProxy,UniswapV2Router02,0,0.0,0.10738873862798132,0.09195402298850575,0.034965034965035,1,0,0.0,0.10704848522091809,0.16374269005847952,0.08771929824561409,1,0,0.0,0.10427593015363731,0.16129032258064516,0.08771929824561409,1
89,False,MainchainGatewayProxy - v0.5.16 abi1 o1 runs200,CollateralManagerState - v0.5.16 abi1 o1 runs200,MainchainGatewayProxy,CollateralManagerState,0,48.275862068965516,0.41495233316608127,0.3317757009345794,0.0357142857142857,1,0,0.0,0.43584521384928715,0.49624060150375937,0.21250000000000002,1,0,0.0,0.4282765737874097,0.49433962264150944,0.21250000000000002,1
90,True,MainchainGatewayProxy - v0.5.16 abi1 o1 runs200,MainchainGatewayProxy - v0.5.16 abi2 o1 runs200,MainchainGatewayProxy,MainchainGatewayProxy,0,66.66666666666666,0.7451523545706371,0.4863102998696219,0.15094339622641506,2,71,69.56521739130434,0.793168880455408,0.5669291338582677,0.6470588235294117,2,71,69.01408450704226,0.7933398628795298,0.5652173913043478,0.6470588235294117,2
91,False,MainchainGatewayProxy - v0.5.16 abi1 o1 runs200,BinaryOptionMarketManager - v0.5.16 abi1 o1 runs200,MainchainGatewayProxy,BinaryOptionMarketManager,0,0.0,0.1441195903534853,0.12648221343873517,0.02608695652173909,1,0,0.0,0.1441195903534853,0.22085889570552147,0.10526315789473684,1,0,0.0,0.14042800265428002,0.2222222222222222,0.10526315789473684,1
92,False,MainchainGatewayProxy - v0.5.16 abi1 o1 runs200,CollateralManager - v0.5.16 abi1 o1 runs200,MainchainGatewayProxy,CollateralManager,0,0.0,0.12425404944586531,0.10679611650485436,0.03064066852367686,1,0,0.0,0.1237750319556881,0.20060331825037708,0.07692307692307687,1,0,0.0,0.12052744119743407,0.20182094081942337,0.07692307692307687,1
93,False,MainchainGatewayProxy - v0.5.16 abi1 o1 runs200,DSToken - v0.5.16 abi2 o1 runs200,MainchainGatewayProxy,DSToken,0,47.82608695652174,0.41194029850746267,0.3411764705882353,0.03448275862068961,1,0,0.0,0.4420731707317073,0.4990583804143126,0.2705882352941177,1,0,0.0,0.43617571059431526,0.497164461247637,0.2705882352941177,1
94,False,MainchainGatewayProxy - v0.5.16 abi1 o1 runs200,AddressResolver - v0.5.16 abi2 o1 runs200,MainchainGatewayProxy,AddressResolver,0,50.0,0.5055483028720626,0.3225058004640371,0.0,1,0,39.77272727272727,0.559499661933739,0.36769759450171824,0.2549019607843137,1,0,40.0,0.5542876901798064,0.36551724137931035,0.2549019607843137,1
95,False,MainchainGatewayProxy - v0.5.16 abi1 o1 runs200,WyvernExchange - v0.5.16 abi1 o1 runs200,MainchainGatewayProxy,WyvernExchange,0,0.0,0.07105487285557854,0.07445805843543826,0.0251851851851852,1,0,0.0,0.07114175623605759,0.13068181818181818,0.055118110236220486,1,0,0.0,0.06917855546071618,0.13142857142857142,0.055118110236220486,1
96,False,MainchainGatewayProxy - v0.5.16 abi1 o1 runs200,CollateralManager - v0.5.16 abi2 o1 runs200,MainchainGatewayProxy,CollateralManager,0,0.0,0.1264591439688716,0.10358180058083252,0.026936026936026924,1,0,0.0,0.125,0.2078907435508346,0.0892857142857143,1,0,0.0,0.12183658712942878,0.2073170731707317,0.0892857142857143,1
97,False,MainchainGatewayProxy - v0.5.16 abi1 o1 runs200,AddressResolver - v0.5.16 abi1 o1 runs200,MainchainGatewayProxy,AddressResolver,0,50.0,0.5712703101920237,0.30584192439862545,0.0,1,0,44.73684210526316,0.6549980552314275,0.413854351687389,0.21666666666666667,1,0,45.45454545454545,0.647876141325923,0.4117647058823529,0.21666666666666667,1
98,False,AggregationRouterV3 - v0.5.16 abi2 o1 runs200,UniswapV2Router02 - v0.5.16 abi2 o1 runs200,AggregationRouterV3,UniswapV2Router02,0,39.436619718309856,0.5688813040663803,0.18313113807047948,0.05944055944055948,1,0,29.268292682926827,0.631778675480475,0.2510690287110568,0.09473684210526312,1,0,29.76190476190476,0.6302851524090463,0.24801950030469225,0.09473684210526312,1
99,False,AggregationRouterV3 - v0.5.16 abi2 o1 runs200,CollateralManagerState - v0.5.16 abi1 o1 runs200,AggregationRouterV3,CollateralManagerState,0,0.0,0.3553130929791271,0.10404312668463613,0.04268292682926833,1,47,46.06741573033708,0.3560850579077274,0.15384615384615385,0.08805031446540879,1,47,46.15384615384615,0.35336262896446313,0.15536105032822758,0.08176100628930816,1
100,False,AggregationRouterV3 - v0.5.16 abi2 o1 runs200,MainchainGatewayProxy - v0.5.16 abi2 o1 runs200,AggregationRouterV3,MainchainGatewayProxy,0,0.0,0.18434848918120295,0.1296137339055794,0.03658536585365857,1,0,0.0,0.19024810805632725,0.2386206896551724,0.10691823899371067,1,0,0.0,0.1850959221054661,0.24061196105702365,0.10062893081761004,1
101,False,AggregationRouterV3 - v0.5.16 abi2 o1 runs200,BinaryOptionMarketManager - v0.5.16 abi1 o1 runs200,AggregationRouterV3,BinaryOptionMarketManager,0,47.747747747747745,0.6617179998522786,0.1838150289017341,0.04347826086956519,1,57,56.19834710743802,0.7272936660268714,0.1817657241777265,0.08771929824561409,1,57,56.09756097560975,0.7251214059970709,0.18244803695150116,0.08771929824561409,1
102,False,AggregationRouterV3 - v0.5.16 abi2 o1 runs200,CollateralManager - v0.5.16 abi1 o1 runs200,AggregationRouterV3,CollateralManager,0,33.73493975903614,0.6238635609529498,0.159682899207248,0.055710306406685284,1,0,38.888888888888886,0.6795936577664905,0.15771622385528547,0.07692307692307687,1,0,40.0,0.6774815733278226,0.1590265987549519,0.07692307692307687,1
103,False,AggregationRouterV3 - v0.5.16 abi2 o1 runs200,DSToken - v0.5.16 abi2 o1 runs200,AggregationRouterV3,DSToken,0,39.436619718309856,0.35256894597657723,0.11183496199782844,0.04878048780487809,1,43,43.82022471910113,0.3635151861372941,0.1884498480243161,0.08176100628930816,1,43,43.956043956043956,0.3594902749832327,0.18840579710144928,0.08176100628930816,1
104,False,AggregationRouterV3 - v0.5.16 abi2 o1 runs200,AddressResolver - v0.5.16 abi2 o1 runs200,AggregationRouterV3,AddressResolver,0,0.0,0.26242620453247,0.12460864120225423,0.04268292682926833,1,0,0.0,0.2719946272666219,0.2683937823834197,0.10691823899371067,1,0,0.0,0.2673554117987834,0.26875,0.10691823899371067,1
105,False,AggregationRouterV3 - v0.5.16 abi2 o1 runs200,WyvernExchange - v0.5.16 abi1 o1 runs200,AggregationRouterV3,WyvernExchange,0,0.0,0.35505817774169857,0.10166756320602474,0.03555555555555556,1,0,23.170731707317074,0.4031702826034745,0.10166756320602474,0.050393700787401574,1,0,23.80952380952381,0.40136381869233856,0.10226049515608181,0.050393700787401574,1
106,False,AggregationRouterV3 - v0.5.16 abi2 o1 runs200,CollateralManager - v0.5.16 abi2 o1 runs200,AggregationRouterV3,CollateralManager,0,37.5,0.6683617372182518,0.17972350230414746,0.043771043771043794,1,0,29.268292682926827,0.7225769831133816,0.2533659730722154,0.10357142857142854,1,0,29.76190476190476,0.721271742229826,0.2533659730722154,0.10357142857142854,1
107,False,AggregationRouterV3 - v0.5.16 abi2 o1 runs200,AddressResolver - v0.5.16 abi1 o1 runs200,AggregationRouterV3,AddressResolver,0,0.0,0.23610578765810655,0.11777301927194861,0.07317073170731703,1,0,0.0,0.23575055081904397,0.21244635193133046,0.10062893081761004,1,0,0.0,0.23223753976670203,0.21382289416846653,0.10062893081761004,1
108,False,UniswapV2Router02 - v0.5.16 abi2 o1 runs200,CollateralManagerState - v0.5.16 abi1 o1 runs200,UniswapV2Router02,CollateralManagerState,0,0.0,0.2349730127576055,0.07506561679790026,0.04895104895104896,1,0,0.0,0.23202594382916233,0.10493398193189715,0.09473684210526312,1,0,0.0,0.22977207102045832,0.10306406685236769,0.09473684210526312,1
109,False,UniswapV2Router02 - v0.5.16 abi2 o1 runs200,MainchainGatewayProxy - v0.5.16 abi2 o1 runs200,UniswapV2Router02,MainchainGatewayProxy,0,0.0,0.12144084437898871,0.097581317764804,0.038461538461538436,1,0,0.0,0.12330198537095088,0.16927083333333334,0.09122807017543855,1,0,0.0,0.11973091402826637,0.16601307189542483,0.08771929824561409,1
110,False,UniswapV2Router02 - v0.5.16 abi2 o1 runs200,BinaryOptionMarketManager - v0.5.16 abi1 o1 runs200,UniswapV2Router02,BinaryOptionMarketManager,0,43.75,0.6397501156871819,0.16165626772546796,0.038461538461538436,1,0,30.232558139534888,0.7091522971180514,0.19626168224299065,0.14035087719298245,1,0,30.681818181818187,0.7088377723970944,0.19486581096849476,0.14035087719298245,1
111,False,UniswapV2Router02 - v0.5.16 abi2 o1 runs200,CollateralManager - v0.5.16 abi1 o1 runs200,UniswapV2Router02,CollateralManager,0,49.074074074074076,0.6992658185282744,0.18108419838523646,0.05292479108635095,1,0,42.857142857142854,0.7628931914646201,0.2147093712930012,0.11396011396011396,1,0,42.42424242424242,0.7627969415747388,0.21255180580224986,0.11396011396011396,1
112,False,UniswapV2Router02 - v0.5.16 abi2 o1 runs200,DSToken - v0.5.16 abi2 o1 runs200,UniswapV2Router02,DSToken,0,0.0,0.23114013671875,0.0870488322717622,0.05244755244755239,1,0,0.0,0.23619537905252191,0.13580246913580246,0.15087719298245617,1,0,0.0,0.23309334810165527,0.1347414420975965,0.15087719298245617,1
113,False,UniswapV2Router02 - v0.5.16 abi2 o1 runs200,AddressResolver - v0.5.16 abi2 o1 runs200,UniswapV2Router02,AddressResolver,0,0.0,0.1705464346973781,0.08782556026650515,0.034965034965035,1,0,0.0,0.17457585443816082,0.1701720841300191,0.0736842105263158,1,0,0.0,0.17121343044068635,0.1689059500959693,0.0736842105263158,1
114,False,UniswapV2Router02 - v0.5.16 abi2 o1 runs200,WyvernExchange - v0.5.16 abi1 o1 runs200,UniswapV2Router02,WyvernExchange,0,46.96969696969697,0.5282074273331839,0.11183496199782844,0.047407407407407454,1,0,50.79365079365079,0.6071667125063848,0.12527472527472527,0.08031496062992127,1,0,53.125,0.6058112524115122,0.12527472527472527,0.08188976377952761,1
115,False,UniswapV2Router02 - v0.5.16 abi2 o1 runs200,CollateralManager - v0.5.16 abi2 o1 runs200,UniswapV2Router02,CollateralManager,0,52.577319587628864,0.7256429348759952,0.22341696535244923,0.013468013468013518,1,0,52.38095238095238,0.825275657336726,0.3255663430420712,0.11578947368421055,1,0,52.34375,0.8245742092457421,0.32214331826985154,0.11578947368421055,1
116,False,UniswapV2Router02 - v0.5.16 abi2 o1 runs200,AddressResolver - v0.5.16 abi1 o1 runs200,UniswapV2Router02,AddressResolver,0,0.0,0.15278204734091608,0.08074534161490683,0.045454545454545414,1,0,0.0,0.1508009574663966,0.1379657603222558,0.0736842105263158,1,0,0.0,0.1482097738337339,0.13535353535353536,0.07719298245614037,1
117,False,CollateralManagerState - v0.5.16 abi1 o1 runs200,MainchainGatewayProxy - v0.5.16 abi2 o1 runs200,CollateralManagerState,MainchainGatewayProxy,0,49.01960784313726,0.45284412706229993,0.2839024390243902,0.0357142857142857,1,55,54.43037974683544,0.5008903586873569,0.4186413902053712,0.21250000000000002,1,55,54.32098765432099,0.4905903583397783,0.4158730158730159,0.21250000000000002,1
118,False,CollateralManagerState - v0.5.16 abi1 o1 runs200,BinaryOptionMarketManager - v0.5.16 abi1 o1 runs200,CollateralManagerState,BinaryOptionMarketManager,0,0.0,0.31736082474226807,0.12096332785987958,0.060869565217391286,1,71,63.829787234042556,0.31942838262018836,0.21189024390243902,0.21052631578947367,1,69,63.541666666666664,0.3164924506387921,0.21286370597243492,0.20614035087719296,1
119,False,CollateralManagerState - v0.5.16 abi1 o1 runs200,CollateralManager - v0.5.16 abi1 o1 runs200,CollateralManagerState,CollateralManager,0,0.0,0.27305618615209987,0.1112316874660879,0.03621169916434541,1,0,0.0,0.27522740193291645,0.17170228445099484,0.15099715099715094,1,0,0.0,0.2725392296718973,0.17333333333333334,0.15099715099715094,1
120,False,CollateralManagerState - v0.5.16 abi1 o1 runs200,DSToken - v0.5.16 abi2 o1 runs200,CollateralManagerState,DSToken,0,46.15384615384615,0.6374711195127074,0.20541494997057091,0.011494252873563204,1,74,80.64516129032258,0.7653985507246377,0.2582461786001609,0.2588235294117647,1,74,79.6875,0.7593950504124656,0.2564516129032258,0.2588235294117647,1
121,False,CollateralManagerState - v0.5.16 abi1 o1 runs200,AddressResolver - v0.5.16 abi2 o1 runs200,CollateralManagerState,AddressResolver,0,51.181102362204726,0.5738662926601216,0.2638986629134412,0.04761904761904767,1,49,53.01204819277108,0.6600098619329389,0.3147153598281418,0.1875,1,49,52.94117647058823,0.6520979020979021,0.313915857605178,0.1875,1
122,False,CollateralManagerState - v0.5.16 abi1 o1 runs200,WyvernExchange - v0.5.16 abi1 o1 runs200,CollateralManagerState,WyvernExchange,0,0.0,0.15143076240061348,0.05512622359608449,0.034074074074074034,1,0,0.0,0.15389904546189936,0.07942973523421588,0.06771653543307088,1,0,0.0,0.1521157587548638,0.08049113233287858,0.06771653543307088,1
123,False,CollateralManagerState - v0.5.16 abi1 o1 runs200,CollateralManager - v0.5.16 abi2 o1 runs200,CollateralManagerState,CollateralManager,0,0.0,0.2779297437374028,0.09110282365476825,0.047138047138047146,1,0,0.0,0.2773780400057562,0.15384615384615385,0.1607142857142857,1,0,0.0,0.2749421631000578,0.15367807720320467,0.1607142857142857,1
124,False,CollateralManagerState - v0.5.16 abi1 o1 runs200,AddressResolver - v0.5.16 abi1 o1 runs200,CollateralManagerState,AddressResolver,0,51.58730158730159,0.5767994063813999,0.3293718166383701,0.04761904761904767,1,46,50.0,0.5969438877755511,0.434010152284264,0.1875,1,44,49.382716049382715,0.5916243654822335,0.4318471337579618,0.1875,1
125,False,MainchainGatewayProxy - v0.5.16 abi2 o1 runs200,BinaryOptionMarketManager - v0.5.16 abi1 o1 runs200,MainchainGatewayProxy,BinaryOptionMarketManager,0,0.0,0.1631912964641886,0.11904761904761904,0.034782608695652195,1,0,0.0,0.16540049545829894,0.18783068783068782,0.0964912280701754,1,0,0.0,0.1606402388455797,0.18933333333333333,0.10087719298245612,1
126,False,MainchainGatewayProxy - v0.5.16 abi2 o1 runs200,CollateralManager - v0.5.16 abi1 o1 runs200,MainchainGatewayProxy,CollateralManager,0,0.0,0.1412657868596566,0.09849749582637729,0.027855153203342642,1,0,0.0,0.14207611474013065,0.17232375979112272,0.07122507122507127,1,0,0.0,0.13789908779931584,0.1721419185282523,0.07122507122507127,1
127,False,MainchainGatewayProxy - v0.5.16 abi2 o1 runs200,DSToken - v0.5.16 abi2 o1 runs200,MainchainGatewayProxy,DSToken,0,43.54838709677419,0.4538329659564046,0.3414882772680938,0.05747126436781613,1,54,47.77777777777778,0.5119714722363728,0.5809859154929577,0.2941176470588235,1,54,48.91304347826087,0.5036269430051813,0.5787610619469027,0.2941176470588235,1
128,False,MainchainGatewayProxy - v0.5.16 abi2 o1 runs200,AddressResolver - v0.5.16 abi2 o1 runs200,MainchainGatewayProxy,AddressResolver,0,49.056603773584904,0.5940464507687275,0.3252769385699899,0.0,1,0,60.3448275862069,0.6654135338345865,0.4276629570747218,0.21568627450980393,1,0,60.0,0.6576923076923077,0.4249201277955272,0.21568627450980393,1
129,False,MainchainGatewayProxy - v0.5.16 abi2 o1 runs200,WyvernExchange - v0.5.16 abi1 o1 runs200,MainchainGatewayProxy,WyvernExchange,0,0.0,0.08173115924393608,0.07078925956061839,0.028148148148148144,1,0,0.0,0.08168728452646522,0.10864197530864197,0.04251968503937009,1,0,0.0,0.07917733609722391,0.10945273631840796,0.04251968503937009,1
130,False,MainchainGatewayProxy - v0.5.16 abi2 o1 runs200,CollateralManager - v0.5.16 abi2 o1 runs200,MainchainGatewayProxy,CollateralManager,0,0.0,0.14412209344179686,0.10495382031905962,0.023569023569023573,1,0,0.0,0.14403973509933773,0.2037533512064343,0.08571428571428574,1,0,0.0,0.13995371040069435,0.203778677462888,0.08214285714285718,1
131,False,MainchainGatewayProxy - v0.5.16 abi2 o1 runs200,AddressResolver - v0.5.16 abi1 o1 runs200,MainchainGatewayProxy,AddressResolver,0,49.056603773584904,0.5568965517241379,0.27766990291262134,0.01666666666666672,1,0,61.81818181818182,0.6740823136818688,0.3225331369661267,0.23333333333333328,1,0,62.5,0.6623818525519849,0.31952662721893493,0.23333333333333328,1
132,False,BinaryOptionMarketManager - v0.5.16 abi1 o1 runs200,CollateralManager - v0.5.16 abi1 o1 runs200,BinaryOptionMarketManager,CollateralManager,0,41.30434782608695,0.7630248702567904,0.25183374083129584,0.055710306406685284,1,0,43.10344827586207,0.8383582823810528,0.34914361001317523,0.2649572649572649,1,0,44.067796610169495,0.8377653946533117,0.35092348284960423,0.2649572649572649,1
133,False,BinaryOptionMarketManager - v0.5.16 abi1 o1 runs200,DSToken - v0.5.16 abi2 o1 runs200,BinaryOptionMarketManager,DSToken,0,32.95454545454545,0.3099582685541281,0.09871244635193133,0.05652173913043479,1,54,56.38297872340426,0.31772162317886243,0.1416058394160584,0.1535087719298246,1,54,56.25,0.3136314788790609,0.14222873900293256,0.1535087719298246,1
134,False,BinaryOptionMarketManager - v0.5.16 abi1 o1 runs200,AddressResolver - v0.5.16 abi2 o1 runs200,BinaryOptionMarketManager,AddressResolver,0,0.0,0.23113673805601317,0.10523076923076922,0.04347826086956519,1,0,0.0,0.23439048562933598,0.16129032258064516,0.08771929824561409,1,0,0.0,0.22992700729927007,0.16332378223495703,0.08771929824561409,1
135,False,BinaryOptionMarketManager - v0.5.16 abi1 o1 runs200,WyvernExchange - v0.5.16 abi1 o1 runs200,BinaryOptionMarketManager,WyvernExchange,0,0.0,0.41190485339891636,0.10285406569736133,0.05481481481481476,1,0,31.395348837209298,0.4692686047906586,0.13149171270718232,0.10393700787401572,1,0,31.818181818181813,0.4681626928471248,0.13211719181868437,0.10236220472440949,1
136,False,BinaryOptionMarketManager - v0.5.16 abi1 o1 runs200,CollateralManager - v0.5.16 abi2 o1 runs200,BinaryOptionMarketManager,CollateralManager,0,44.44444444444444,0.7194887755777764,0.18931475029036005,0.04040404040404044,1,0,30.232558139534888,0.7886615691947372,0.2649783817171093,0.21785714285714286,1,0,30.681818181818187,0.7886651442806726,0.2657601977750309,0.21785714285714286,1
137,False,BinaryOptionMarketManager - v0.5.16 abi1 o1 runs200,AddressResolver - v0.5.16 abi1 o1 runs200,BinaryOptionMarketManager,AddressResolver,0,0.0,0.20611823067383217,0.13068592057761733,0.05652173913043479,1,0,0.0,0.2062179593186704,0.22294372294372294,0.13596491228070173,1,0,0.0,0.2027902341803687,0.22440087145969498,0.13596491228070173,1
138,False,CollateralManager - v0.5.16 abi1 o1 runs200,DSToken - v0.5.16 abi2 o1 runs200,CollateralManager,DSToken,0,0.0,0.2682324728452532,0.09110282365476825,0.05013927576601673,1,0,0.0,0.27290103355514655,0.13087490961677511,0.11396011396011396,1,0,0.0,0.26921983799914734,0.13144517066085692,0.11396011396011396,1
139,False,CollateralManager - v0.5.16 abi1 o1 runs200,AddressResolver - v0.5.16 abi2 o1 runs200,CollateralManager,AddressResolver,0,0.0,0.20130653979975857,0.10116492949110975,0.03899721448467963,1,0,0.0,0.2016478443071241,0.15145813734713076,0.06552706552706555,1,0,0.0,0.19769016895986313,0.152317880794702,0.06552706552706555,1
140,False,CollateralManager - v0.5.16 abi1 o1 runs200,WyvernExchange - v0.5.16 abi1 o1 runs200,CollateralManager,WyvernExchange,0,50.0,0.4939991510052869,0.1271326362135388,0.053333333333333344,1,0,47.5,0.5444209518490446,0.14927048260381592,0.13070866141732285,1,0,51.21951219512195,0.5434739156506097,0.14991577765300393,0.13070866141732285,1
141,True,CollateralManager - v0.5.16 abi1 o1 runs200,CollateralManager - v0.5.16 abi2 o1 runs200,CollateralManager,CollateralManager,0,48.62385321100918,0.7578808280375008,0.2649783817171093,0.058495821727019504,2,0,39.39393939393939,0.8067645346957253,0.3153500321130379,0.4330484330484331,2,0,41.1764705882353,0.8068454893810483,0.3153500321130379,0.4330484330484331,2
142,False,CollateralManager - v0.5.16 abi1 o1 runs200,AddressResolver - v0.5.16 abi1 o1 runs200,CollateralManager,AddressResolver,0,0.0,0.17722328854766475,0.11937097927090778,0.03621169916434541,1,0,0.0,0.17739068610024886,0.20597652081109924,0.11680911680911676,1,0,0.0,0.17433811460786414,0.2086021505376344,0.11680911680911676,1
143,False,DSToken - v0.5.16 abi2 o1 runs200,AddressResolver - v0.5.16 abi2 o1 runs200,DSToken,AddressResolver,0,46.26865671641791,0.5789596454397015,0.24376731301939059,0.05747126436781613,1,47,47.87234042553192,0.6784031738160179,0.4085155350978136,0.16470588235294115,1,47,47.916666666666664,0.6730526846483489,0.4064665127020785,0.16470588235294115,1
144,False,DSToken - v0.5.16 abi2 o1 runs200,WyvernExchange - v0.5.16 abi1 o1 runs200,DSToken,WyvernExchange,0,0.0,0.15400153516745446,0.05404014410705095,0.03555555555555556,1,0,0.0,0.15708672580710495,0.0883785664578984,0.0598425196850394,1,0,0.0,0.15473919220621069,0.08951048951048951,0.0598425196850394,1
145,False,DSToken - v0.5.16 abi2 o1 runs200,CollateralManager - v0.5.16 abi2 o1 runs200,DSToken,CollateralManager,0,0.0,0.2751971326164874,0.09518716577540107,0.043771043771043794,1,0,0.0,0.27785360247108687,0.17417417417417416,0.13571428571428568,1,0,0.0,0.274413569108625,0.17407686510926904,0.13214285714285712,1
146,False,DSToken - v0.5.16 abi2 o1 runs200,AddressResolver - v0.5.16 abi1 o1 runs200,DSToken,AddressResolver,0,46.26865671641791,0.5344662517951173,0.23990498812351543,0.03448275862068961,1,44,45.05494505494506,0.5701689933872153,0.3063583815028902,0.16470588235294115,1,44,44.56521739130435,0.5665919840677123,0.3039443155452436,0.16470588235294115,1
147,False,AddressResolver - v0.5.16 abi2 o1 runs200,WyvernExchange - v0.5.16 abi1 o1 runs200,AddressResolver,WyvernExchange,0,0.0,0.11240545241273309,0.0546095126247798,0.029629629629629672,1,0,0.0,0.1145694022289767,0.09090909090909091,0.03307086614173227,1,0,0.0,0.1121309344921415,0.09237668161434978,0.03307086614173227,1
148,False,AddressResolver - v0.5.16 abi2 o1 runs200,CollateralManager - v0.5.16 abi2 o1 runs200,AddressResolver,CollateralManager,0,0.0,0.20495641524385852,0.10659272951324707,0.03703703703703709,1,0,0.0,0.20556436499927921,0.20235756385068762,0.09285714285714286,1,0,0.0,0.20176709154113556,0.20355731225296442,0.09285714285714286,1
149,True,AddressResolver - v0.5.16 abi2 o1 runs200,AddressResolver - v0.5.16 abi1 o1 runs200,AddressResolver,AddressResolver,0,53.44827586206897,0.6796482412060302,0.3870682019486271,0.08333333333333337,2,66,67.79661016949152,0.727390180878553,0.3763702801461632,0.2666666666666667,2,65,66.66666666666666,0.7260726072607261,0.3740831295843521,0.2666666666666667,2
150,False,WyvernExchange - v0.5.16 abi1 o1 runs200,CollateralManager - v0.5.16 abi2 o1 runs200,WyvernExchange,CollateralManager,0,38.983050847457626,0.4464010813652236,0.10404312668463613,0.051851851851851816,1,0,50.0,0.5212858384013901,0.11002710027100271,0.06929133858267722,1,0,50.0,0.5197467352592007,0.11062906724511931,0.06929133858267722,1
151,False,WyvernExchange - v0.5.16 abi1 o1 runs200,AddressResolver - v0.5.16 abi1 o1 runs200,WyvernExchange,AddressResolver,0,0.0,0.09939246658566221,0.06748466257668712,0.026666666666666616,1,0,0.0,0.10050679099939185,0.11770524233432245,0.053543307086614145,1,0,0.0,0.09860642749766384,0.11840796019900497,0.053543307086614145,1
152,False,CollateralManager - v0.5.16 abi2 o1 runs200,AddressResolver - v0.5.16 abi1 o1 runs200,CollateralManager,AddressResolver,0,0.0,0.17976070347412426,0.0951048951048951,0.03703703703703709,1,0,0.0,0.179080824088748,0.17831074035453598,0.07857142857142863,1,0,0.0,0.1761725535610886,0.17819706498951782,0.07857142857142863,1
